FoodCategory,FoodItem,Cals_per100grams,cal per 1 lb
CannedFruit,Applesauce,62,13.668644
CannedFruit,Canned Apricots,48,10.582176
CannedFruit,Canned Blackberries,92,20.282504
CannedFruit,Canned Blueberries,88,19.400656
CannedFruit,Canned Cherries,54,11.904948
CannedFruit,Canned Cranberries,178,39.242236
CannedFruit,Canned Crushed Pineapple,53,11.684486
CannedFruit,Canned Figs,107,23.589434
CannedFruit,Canned Fruit Cocktail,81,17.857422
CannedFruit,Canned Fruit Salad,50,11.0231
CannedFruit,Canned Gooseberries,73,16.093726
CannedFruit,Canned Grapefruit,37,8.157094
CannedFruit,Canned Grapes,76,16.755112
CannedFruit,Canned Mandarin Oranges,71,15.652802
CannedFruit,Canned Mango,65,14.33003
CannedFruit,Canned Mangosteen,73,16.093726
CannedFruit,Canned Mixed Fruit,71,15.652802
CannedFruit,Canned Morello Cherries,81,17.857422
CannedFruit,Canned Oranges,62,13.668644
CannedFruit,Canned Peaches,54,11.904948
CannedFruit,Canned Pears,35,7.71617
CannedFruit,Canned Pineapple,60,13.22772
CannedFruit,Canned Plums,58,12.786796
CannedFruit,Canned Raspberries,91,20.062042
CannedFruit,Canned Sliced Pineapple,53,11.684486
CannedFruit,Canned Sour Cherries,114,25.132668
CannedFruit,Canned Strawberries,92,20.282504
CannedFruit,Canned Tangerines,61,13.448182
CannedFruit,Dried Fruit,243,53.572266
Fruits,Acai,70,15.43234
Fruits,Apple,52,11.464024
Fruits,Applesauce,68,14.991416
Fruits,Apricot,48,10.582176
Fruits,Avocado,160,35.27392
Fruits,Banana,89,19.621118
Fruits,Blackberries,43,9.479866
Fruits,Blood Oranges,50,11.0231
Fruits,Blueberries,57,12.566334
Fruits,Cantaloupe,34,7.495708
Fruits,Cherries,50,11.0231
Fruits,Clementine,47,10.361714
Fruits,Cranberries,46,10.141252
Fruits,Currants,56,12.345872
Fruits,Custard Apple,101,22.266662
Fruits,Dates,282,62.170284
Fruits,Figs,74,16.314188
Fruits,Fruit salad,50,11.0231
Fruits,Grapes,69,15.211878
Fruits,Greengage,41,9.038942
Fruits,Guava,68,14.991416
Fruits,Jackfruit,95,20.94389
Fruits,Jujube,79,17.416498
Fruits,Kiwi,61,13.448182
Fruits,Lemon,29,6.393398
Fruits,Lime,30,6.61386
Fruits,Lychees,66,14.550492
Fruits,Mandarin Oranges,53,11.684486
Fruits,Mango,60,13.22772
Fruits,Minneola,64,14.109568
Fruits,Mulberries,43,9.479866
Fruits,Nectarine,44,9.700328
Fruits,Olives,115,25.35313
Fruits,Orange,47,10.361714
Fruits,Papaya,43,9.479866
Fruits,Passion Fruit,97,21.384814
Fruits,Peach,39,8.598018
Fruits,Pear,57,12.566334
Fruits,Persimmon,127,27.998674
Fruits,Physalis,49,10.802638
Fruits,Pineapple,50,11.0231
Fruits,Plantains,122,26.896364
Fruits,Plum,46,10.141252
Fruits,Pomegranate,83,18.298346
Fruits,Quince,57,12.566334
Fruits,Raisins,299,65.918138
Fruits,Rambutan,82,18.077884
Fruits,Raspberries,52,11.464024
Fruits,Rhubarb,21,4.629702
Fruits,Starfruit,31,6.834322
Fruits,Strawberries,32,7.054784
Fruits,Tamarind,239,52.690418
Fruits,Tangerine,53,11.684486
Fruits,Watermelon,30,6.61386
Tropical&ExoticFruits,Acerola,32,7.054784
Tropical&ExoticFruits,Asian Pear,42,9.259404
Tropical&ExoticFruits,Avocado,160,35.27392
Tropical&ExoticFruits,Banana,89,19.621118
Tropical&ExoticFruits,Breadfruit,103,22.707586
Tropical&ExoticFruits,Cantaloupe Melon,34,7.495708
Tropical&ExoticFruits,Casaba Melon,28,6.172936
Tropical&ExoticFruits,Cherimoya,75,16.53465
Tropical&ExoticFruits,Dragon Fruit,60,13.22772
Tropical&ExoticFruits,Durian,147,32.407914
Tropical&ExoticFruits,Feijoa,55,12.12541
Tropical&ExoticFruits,Galia Melon,23,5.070626
Tropical&ExoticFruits,Grapefruit,42,9.259404
Tropical&ExoticFruits,Guava,68,14.991416
Tropical&ExoticFruits,Honeydew,36,7.936632
Tropical&ExoticFruits,Jackfruit,95,20.94389
Tropical&ExoticFruits,Kiwi,61,13.448182
Tropical&ExoticFruits,Kumquat,71,15.652802
Tropical&ExoticFruits,Lychee,66,14.550492
Tropical&ExoticFruits,Mandarin Oranges,53,11.684486
Tropical&ExoticFruits,Mango,60,13.22772
Tropical&ExoticFruits,Mangosteen,73,16.093726
Tropical&ExoticFruits,Maracuya,97,21.384814
Tropical&ExoticFruits,Maraschino Cherries,165,36.37623
Tropical&ExoticFruits,Muskmelon,34,7.495708
Tropical&ExoticFruits,Noni,53,11.684486
Tropical&ExoticFruits,Passion Fruit,97,21.384814
Tropical&ExoticFruits,Pineapple,50,11.0231
Tropical&ExoticFruits,Pink Grapefruit,42,9.259404
Tropical&ExoticFruits,Plantain,122,26.896364
Tropical&ExoticFruits,Pomegranate,83,18.298346
Tropical&ExoticFruits,Pomelo,38,8.377556
Tropical&ExoticFruits,Prickly Pear,41,9.038942
Tropical&ExoticFruits,Rambutan,82,18.077884
Tropical&ExoticFruits,Sapodilla,83,18.298346
Tropical&ExoticFruits,Soursop Fruit,66,14.550492
Tropical&ExoticFruits,Star Fruit,31,6.834322
Tropical&ExoticFruits,Tamarind,239,52.690418
Tropical&ExoticFruits,Watermelon,30,6.61386
PotatoProducts,All-blue Potatoes,61,13.448182
PotatoProducts,Baked Potato,93,20.502966
PotatoProducts,Boiled Potatoes,87,19.180194
PotatoProducts,Cassava,160,35.27392
PotatoProducts,Croquettes,127,27.998674
PotatoProducts,Dumpling Dough,124,27.337288
PotatoProducts,Dumplings,124,27.337288
PotatoProducts,French Fingerling Potatoes,82,18.077884
PotatoProducts,French Fries,312,68.784144
PotatoProducts,Fried Potatoes,312,68.784144
PotatoProducts,Gnocchi,133,29.321446
PotatoProducts,Japanese Sweet Potatoes,87,19.180194
PotatoProducts,Marrow Dumplings,424,93.475888
PotatoProducts,Mashed Potatoes,89,19.621118
PotatoProducts,Norland Red Potatoes,89,19.621118
PotatoProducts,Omelette,154,33.951148
PotatoProducts,Potato,77,16.975574
PotatoProducts,Potato Dumpling,124,27.337288
PotatoProducts,Potato Fritter,185,40.78547
PotatoProducts,Potato Gratin,132,29.100984
PotatoProducts,Potato Pancakes,268,59.083816
PotatoProducts,Potato Salad,143,31.526066
PotatoProducts,Potato Starch,331,72.972922
PotatoProducts,Potato Sticks,522,115.081164
PotatoProducts,Potato Waffles,167,36.817154
PotatoProducts,Potato Wedges,123,27.116826
PotatoProducts,Potatoes au Gratin,132,29.100984
PotatoProducts,Purple Majesty Potatoes,72,15.873264
PotatoProducts,Red Gold Potatoes,89,19.621118
PotatoProducts,Red Potatoes,89,19.621118
PotatoProducts,Roast Potatoes,149,32.848838
PotatoProducts,Rosemary Potatoes,93,20.502966
PotatoProducts,R√∂sti,138,30.423756
PotatoProducts,Russet Potatoes,97,21.384814
PotatoProducts,Russian Banana Potatoes,67,14.770954
PotatoProducts,Sweet Potato,92,20.282504
PotatoProducts,White Potatoes,94,20.723428
PotatoProducts,Yams,116,25.573592
PotatoProducts,Yukon Gold Potatoes,82,18.077884
Vegetables,Artichoke,47,10.361714
Vegetables,Arugula,25,5.51155
Vegetables,Asparagus,20,4.40924
Vegetables,Aubergine,25,5.51155
Vegetables,Beetroot,43,9.479866
Vegetables,Bell Pepper,20,4.40924
Vegetables,Black Olives,115,25.35313
Vegetables,Broccoli,34,7.495708
Vegetables,Brussels Sprouts,43,9.479866
Vegetables,Cabbage,25,5.51155
Vegetables,Capsicum,27,5.952474
Vegetables,Carrot,41,9.038942
Vegetables,Cauliflower,25,5.51155
Vegetables,Celery,16,3.527392
Vegetables,Chard,19,4.188778
Vegetables,Cherry Tomato,100,22.0462
Vegetables,Chicory,72,15.873264
Vegetables,Chinese Cabbage,16,3.527392
Vegetables,Chives,30,6.61386
Vegetables,Collard Greens,32,7.054784
Vegetables,Corn,365,80.46863
Vegetables,Courgette,17,3.747854
Vegetables,Creamed Spinach,74,16.314188
Vegetables,Cucumber,16,3.527392
Vegetables,Eggplant,25,5.51155
Vegetables,Endive,17,3.747854
Vegetables,Fennel,31,6.834322
Vegetables,Garlic,149,32.848838
Vegetables,Gherkin,14,3.086468
Vegetables,Gourd,14,3.086468
Vegetables,Green Beans,31,6.834322
Vegetables,Green Olives,115,25.35313
Vegetables,Green Onion,32,7.054784
Vegetables,Horseradish,48,10.582176
Vegetables,Kale,49,10.802638
Vegetables,Kohlrabi,27,5.952474
Vegetables,Kumara,86,18.959732
Vegetables,Leek,61,13.448182
Vegetables,Lettuce,15,3.30693
Vegetables,Mushrooms,22,4.850164
Vegetables,Mustard Greens,27,5.952474
Vegetables,Nori,35,7.71617
Vegetables,Okra,33,7.275246
Vegetables,Olives,115,25.35313
Vegetables,Onion,40,8.81848
Vegetables,Parsnips,75,16.53465
Vegetables,Peas,81,17.857422
Vegetables,Pepper,27,5.952474
Vegetables,Potato,77,16.975574
Vegetables,Pumpkin,26,5.732012
Vegetables,Radishes,16,3.527392
Vegetables,Red Cabbage,31,6.834322
Vegetables,Rutabaga,38,8.377556
Vegetables,Shallots,72,15.873264
Vegetables,Spinach,23,5.070626
Vegetables,Squash,45,9.92079
Vegetables,Sweet Potato,86,18.959732
Vegetables,Tomato,18,3.968316
Vegetables,Turnip Greens,20,4.40924
Vegetables,Turnips,28,6.172936
Vegetables,Wasabi,109,24.030358
Vegetables,Winter Squash,34,7.495708
Vegetables,Zucchini,17,3.747854
FastFood,Arby?ôs Grand Turkey Club,210,46.29702
FastFood,Arby?ôs Reuben,208,45.856096
FastFood,Arby?ôs Roast Beef Classic,234,51.588108
FastFood,Arby?ôs Roast Beef Max,234,51.588108
FastFood,BBQ Rib,212,46.737944
FastFood,Bean Burrito,200,44.0924
FastFood,Big N??Tasty,223,49.163026
FastFood,Bratwurst,333,73.413846
FastFood,Burger King Angry Whopper,255,56.21781
FastFood,Burger King Double Whopper,239,52.690418
FastFood,Burger King Double Whopper with Cheese,249,54.895038
FastFood,Burger King Original Chicken Sandwich,301,66.359062
FastFood,Burger King Premium Alaskan Fish Sandwich,259,57.099658
FastFood,Burger King Triple Whopper,269,59.304278
FastFood,Burger King Whopper,231,50.926722
FastFood,Burger King Whopper Jr.,234,51.588108
FastFood,Burger King Whopper with Cheese,241,53.131342
FastFood,Cheeseburger,263,57.981506
FastFood,Chicken Breast,163,35.935306
FastFood,Chicken Fajita,147,32.407914
FastFood,Chicken McNuggets,302,66.579524
FastFood,Chicken Nuggets,296,65.256752
FastFood,Chicken Pizziola,141,31.085142
FastFood,Chicken Sandwich,241,53.131342
FastFood,Chicken Teriyaki Sandwich,138,30.423756
FastFood,Chicken Wings,324,71.429688
FastFood,Chop Suey,172,37.919464
FastFood,Curly Fries,311,68.563682
FastFood,Double Cheeseburger,267,58.863354
FastFood,Egg Roll,250,55.1155
FastFood,Falafel,335,73.85477
FastFood,Filet-o-Fish,282,62.170284
FastFood,Fish and Chips,195,42.99009
FastFood,Fish Sandwich,273,60.186126
FastFood,French Fries,312,68.784144
FastFood,Grilled Chicken Salad,88,19.400656
FastFood,Ham Sandwich,241,53.131342
FastFood,Hamburger,254,55.997348
FastFood,Hot Dog,269,59.304278
FastFood,Italian BMT,183,40.344546
FastFood,Lasagna,132,29.100984
FastFood,McDonald?ôs Big Mac,256,56.438272
FastFood,McDonald?ôs Cheeseburger,263,57.981506
FastFood,McDonald?ôs Chicken Nuggets,297,65.477214
FastFood,McDonald?ôs Double Cheeseburger,282,62.170284
FastFood,McDonald?ôs Filet-o-Fish,275,60.62705
FastFood,McDonald?ôs McChicken,251,55.335962
FastFood,McDonald?ôs McDouble,252,55.556424
FastFood,McDonald?ôs McMuffi Egg,225,49.60395
FastFood,McDonald?ôs McRib,265,58.42243
FastFood,McDonald?ôs Mighty Wings,308,67.902296
FastFood,McRib,265,58.42243
FastFood,Meatball Sandwich,161,35.494382
FastFood,Nachos with Cheese,306,67.461372
FastFood,Onion Rings,411,90.609882
FastFood,Smoked Salmon,158,34.832996
FastFood,Spicy Italian,219,48.281178
FastFood,Subway Club Sandwich,131,28.880522
FastFood,Tortilla Wrap,271,59.745202
FastFood,Tuna,86,18.959732
FastFood,Turkey,104,22.928048
FastFood,Veggie Burger,181,39.903622
FastFood,Veggie Delight,138,30.423756
FastFood,Veggie Patty,390,85.98018
FastFood,Wendy?ôs Baconator,304,67.020448
FastFood,Wendy?ôs Jr. Bacon Cheeseburger,261,57.540582
FastFood,Wendy?ôs Jr. Cheeseburger,225,49.60395
FastFood,Wendy?ôs Son of Baconator,321,70.768302
FastFood,Whopper,231,50.926722
FastFood,Zinger,256,56.438272
FastFood,Zinger Burger,256,56.438272
FastFood,Poutine,227,50.044874
Pizza,BBQ Chicken Pizza,234,51.588108
Pizza,BBQ Pizza,224,49.383488
Pizza,Beef Pizza,304,67.020448
Pizza,Bianca Pizza,246,54.233652
Pizza,Buffalo Chicken Pizza,252,55.556424
Pizza,Calabrese Pizza,235,51.80857
Pizza,Calzone,231,50.926722
Pizza,Capricciosa Pizza,260,57.32012
Pizza,Cheese Pizza,267,58.863354
Pizza,Chicken Pizza,234,51.588108
Pizza,Deep Dish Pizza,265,58.42243
Pizza,Dominos Philly Cheese Steak Pizza,224,49.383488
Pizza,Four Cheese Pizza,221,48.722102
Pizza,Goat Cheese Pizza,219,48.281178
Pizza,Grilled Pizza,226,49.824412
Pizza,Hawaiian Pizza,115,25.35313
Pizza,Margherita Pizza,275,60.62705
Pizza,Mozzarella Pizza,249,54.895038
Pizza,Mushroom Pizza,212,46.737944
Pizza,Napoli Pizza,202,44.533324
Pizza,New York Style Pizza,169,37.258078
Pizza,Pepperoni Pizza,255,56.21781
Pizza,Pizza Dough,228,50.265336
Pizza,Pizza Hut Stuffed Crust Pizza,255,56.21781
Pizza,Pizza Hut Supreme Pizza,248,54.674576
Pizza,Pizza Rolls,247,54.454114
Pizza,Quattro Formaggi Pizza,248,54.674576
Pizza,Red Pepper Pizza,192,42.328704
Pizza,Salami Pizza,255,56.21781
Pizza,Sausage Pizza,246,54.233652
Pizza,Seafood Pizza,245,54.01319
Pizza,Shrimp Pizza,209,46.076558
Pizza,Sicilian Pizza,241,53.131342
Pizza,Spinach Feta Pizza,242,53.351804
Pizza,Spinach Pizza,234,51.588108
Pizza,Stuffed Crust Pizza,255,56.21781
Pizza,Tarte Flamb√©e,253,55.776886
Pizza,Thin Crust Pizza,261,57.540582
Pizza,Tuna Pizza,254,55.997348
Pizza,Vegetable Pizza,256,56.438272
Pizza,Vegetarian Pizza,256,56.438272
Pizza,Veggie Pizza,231,50.926722
Pizza,White Pizza,246,54.233652
Cheese,American Cheese,148,32.628376
Cheese,Applewood,410,90.38942
Cheese,Asiago Cheese,392,86.421104
Cheese,Babybel,333,73.413846
Cheese,Blue Cheese,353,77.823086
Cheese,Brie,334,73.634308
Cheese,Camembert,300,66.1386
Cheese,Cheddar,403,88.846186
Cheese,Cheese Fondue,228,50.265336
Cheese,Cheese Spread,290,63.93398
Cheese,Cheese Whiz,276,60.847512
Cheese,Chester,387,85.318794
Cheese,Colby Cheese,394,86.862028
Cheese,Colby-Jack Cheese,394,86.862028
Cheese,Cottage Cheese,98,21.605276
Cheese,Dutch Cheese,393,86.641566
Cheese,Edam Cheese,357,78.704934
Cheese,Emmentaler,357,78.704934
Cheese,Feta,264,58.201968
Cheese,Fontina,389,85.759718
Cheese,Fresh Mozzarella,280,61.72936
Cheese,Gjetost,466,102.735292
Cheese,Goat Cheese,364,80.248168
Cheese,Gorgonzola,350,77.1617
Cheese,Gouda,356,78.484472
Cheese,Grated Parmesan,431,95.019122
Cheese,Grilled Cheese,350,77.1617
Cheese,Gruyere,413,91.050806
Cheese,Halloumi,321,70.768302
Cheese,Havarti,371,81.791402
Cheese,Italian Cheese,397,87.523414
Cheese,Jarlsberg,352,77.602624
Cheese,Maasdam Cheese,344,75.838928
Cheese,Manchego Cheese,320,70.54784
Cheese,Monterey,373,82.232326
Cheese,Monterey Jack Cheese,373,82.232326
Cheese,Mozzarella,280,61.72936
Cheese,Muenster Cheese,368,81.130016
Cheese,Neufchatel,253,55.776886
Cheese,Parmesan,431,95.019122
Cheese,Pecorino,387,85.318794
Cheese,Provolone,351,77.382162
Cheese,Raclette Cheese,357,78.704934
Cheese,Ricotta,174,38.360388
Cheese,Romano,387,85.318794
Cheese,Roquefort,369,81.350478
Cheese,Sheep Cheese,364,80.248168
Cheese,Soft Cheese,268,59.083816
Cheese,Stilton Cheese,393,86.641566
Cheese,String Cheese,250,55.1155
Cheese,Swiss Cheese,380,83.77556
Cheese,White Cheddar,403,88.846186
Cheese,Wisconsin Cheese,389,85.759718
CreamCheese,Chive Cream Cheese,342,75.398004
CreamCheese,Cottage Cheese,98,21.605276
CreamCheese,Cream Cheese,342,75.398004
CreamCheese,Cream Cheese with Herbs,342,75.398004
CreamCheese,Feta Cream Cheese,342,75.398004
CreamCheese,Garlic Cream Cheese,342,75.398004
CreamCheese,Goat Cheese,364,80.248168
CreamCheese,Horseradish,48,10.582176
CreamCheese,Mascarpone,450,99.2079
CreamCheese,Obatzda,303,66.799986
CreamCheese,Olive Cream Cheese,342,75.398004
CreamCheese,Pesto Cream Cheese,342,75.398004
CreamCheese,Philadelphia Cream Cheese,342,75.398004
CreamCheese,Pineapple Cream Cheese,342,75.398004
CreamCheese,Salmon Cream Cheese,342,75.398004
CreamCheese,Vegetable Cream Cheese,342,75.398004
CreamCheese,Walnut Cream Cheese,342,75.398004
Milk&DairyProducts,Almond Milk,17,3.747854
Milk&DairyProducts,Buttermilk,62,13.668644
Milk&DairyProducts,Chocolate Mousse,225,49.60395
Milk&DairyProducts,Coconut Milk,230,50.70626
Milk&DairyProducts,Coffee Creamer,195,42.99009
Milk&DairyProducts,Condensed Milk,321,70.768302
Milk&DairyProducts,Cottage Cheese,98,21.605276
Milk&DairyProducts,Cream,242,53.351804
Milk&DairyProducts,Creme Fraiche,393,86.641566
Milk&DairyProducts,Curd,98,21.605276
Milk&DairyProducts,Custard,122,26.896364
Milk&DairyProducts,Evaporated Milk,135,29.76237
Milk&DairyProducts,Goat Milk,69,15.211878
Milk&DairyProducts,Hot Chocolate,89,19.621118
Milk&DairyProducts,Kefir,55,12.12541
Milk&DairyProducts,Lactose-free Milk,52,11.464024
Milk&DairyProducts,Lassi,75,16.53465
Milk&DairyProducts,Milk,61,13.448182
Milk&DairyProducts,Plain Yogurt,61,13.448182
Milk&DairyProducts,Powdered Milk,496,109.349152
Milk&DairyProducts,Quark,145,31.96699
Milk&DairyProducts,Rice Milk,49,10.802638
Milk&DairyProducts,Rice Pudding,118,26.014516
Milk&DairyProducts,Semi-skimmed Milk,50,11.0231
Milk&DairyProducts,Semolina Pudding,67,14.770954
Milk&DairyProducts,Skim Milk,35,7.71617
Milk&DairyProducts,Sour Cream,181,39.903622
Milk&DairyProducts,Soy Milk,45,9.92079
Milk&DairyProducts,Sweetened Condensed Milk,321,70.768302
Milk&DairyProducts,Tzatziki,117,25.794054
Milk&DairyProducts,Whipped Cream,257,56.658734
Milk&DairyProducts,Whole Milk,61,13.448182
Milk&DairyProducts,Yogurt,61,13.448182
SlicedCheese,American Cheese,148,32.628376
SlicedCheese,Applewood,410,90.38942
SlicedCheese,Bergk√§se,418,92.153116
SlicedCheese,Butter Cheese,388,85.539256
SlicedCheese,Cheddar,403,88.846186
SlicedCheese,Cheese Platter,357,78.704934
SlicedCheese,Cheese Slices,356,78.484472
SlicedCheese,Colby Cheese,394,86.862028
SlicedCheese,Colby-Jack Cheese,394,86.862028
SlicedCheese,Cold Pack Cheese,246,54.233652
SlicedCheese,Edam,357,78.704934
SlicedCheese,Edam Cheese,357,78.704934
SlicedCheese,Emmental,357,78.704934
SlicedCheese,Emmentaler,357,78.704934
SlicedCheese,Esrom (Cheese),322,70.988764
SlicedCheese,Fol Epi,388,85.539256
SlicedCheese,Fresh Mozzarella,280,61.72936
SlicedCheese,Gouda,356,78.484472
SlicedCheese,Gouda Cheese,356,78.484472
SlicedCheese,Havarti,371,81.791402
SlicedCheese,Lacy Swiss Cheese,321,70.768302
SlicedCheese,Leerdammer,284,62.611208
SlicedCheese,Leerdammer Cheese,284,62.611208
SlicedCheese,Maasdam Cheese,344,75.838928
SlicedCheese,Monterey Jack Cheese,373,82.232326
SlicedCheese,Mozzarella,280,61.72936
SlicedCheese,Muenster Cheese,368,81.130016
SlicedCheese,Pepper Cheese,100,22.0462
SlicedCheese,Sandwich Cheese,148,32.628376
SlicedCheese,Smoked Cheese,410,90.38942
SlicedCheese,Tilsit,340,74.95708
SlicedCheese,White American,148,32.628376
SlicedCheese,White Cheddar,403,88.846186
SlicedCheese,Young Gouda,356,78.484472
Yogurt,Activia,74,16.314188
Yogurt,Activia Lemon,100,22.0462
Yogurt,Activia Strawberry,97,21.384814
Yogurt,Aloe Vera Yogurt,85,18.73927
Yogurt,Ayran,42,9.259404
Yogurt,Bircher Muesli Yogurt,109,24.030358
Yogurt,Blueberry Yogurt,105,23.14851
Yogurt,Cherry Yogurt,97,21.384814
Yogurt,Chocolate Yogurt,128,28.219136
Yogurt,Cream Yogurt,124,27.337288
Yogurt,Creamy Yogurt,90,19.84158
Yogurt,Diet Yogurt,54,11.904948
Yogurt,Fruit Yogurt,97,21.384814
Yogurt,Greek Yogurt,53,11.684486
Yogurt,Low-Fat Yogurt,63,13.889106
Yogurt,Mocca Yogurt,100,22.0462
Yogurt,Organic Yogurt,75,16.53465
Yogurt,Peach Yogurt,97,21.384814
Yogurt,Plain Yogurt,61,13.448182
Yogurt,Probiotic Yogurt,80,17.63696
Yogurt,Skim Milk Yogurt,56,12.345872
Yogurt,Stracciatella Yogurt,139,30.644218
Yogurt,Strawberry Yogurt,100,22.0462
Yogurt,Vanilla Yogurt,101,22.266662
Yogurt,Yogurt,61,13.448182
Yogurt,Yogurt Corner,119,26.234978
Yogurt,Yoplait Boston Cream Pie,90,19.84158
Yogurt,Yoplait French Vanilla,100,22.0462
Yogurt,Yoplait Greek Blueberry,100,22.0462
Yogurt,Yoplait Greek Coconut,100,22.0462
Yogurt,Yoplait Greek Strawberry,100,22.0462
Yogurt,Yoplait Greek Vanilla,100,22.0462
Yogurt,Yoplait Harvest Peach,100,22.0462
Yogurt,Yoplait Key Lime Pie,100,22.0462
Yogurt,Yoplait Mango,100,22.0462
Yogurt,Yoplait Mixed Berry,100,22.0462
Yogurt,Yoplait Pina Colada,100,22.0462
Yogurt,Yoplait Strawberry,100,22.0462
Yogurt,Yoplait Strawberry Banana,100,22.0462
Yogurt,Yoplait Strawberry Cheesecake,100,22.0462
Beef&Veal,Beef,171,37.699002
Beef&Veal,Beef Brisket,137,30.203294
Beef&Veal,Beef Fillet,189,41.667318
Beef&Veal,Beef Goulash,123,27.116826
Beef&Veal,Beef Minute Steak,133,29.321446
Beef&Veal,Beef Neck,213,46.958406
Beef&Veal,Beef Pancreas,271,59.745202
Beef&Veal,Beef Patty,247,54.454114
Beef&Veal,Beef Prime Rib,404,89.066648
Beef&Veal,Beef Ribs,196,43.210552
Beef&Veal,Beef Sirloin,182,40.124084
Beef&Veal,Beef Suet,854,188.274548
Beef&Veal,Beef Tallow,902,198.856724
Beef&Veal,Beef Thymus,319,70.327378
Beef&Veal,Beef Tripe,94,20.723428
Beef&Veal,Chuck Roast,141,31.085142
Beef&Veal,Chuck Steak,137,30.203294
Beef&Veal,Filet Mignon,207,45.635634
Beef&Veal,Flank Steak,194,42.769628
Beef&Veal,Ground Beef,241,53.131342
Beef&Veal,Ground Chuck,250,55.1155
Beef&Veal,Ground Round,212,46.737944
Beef&Veal,Minced Veal,143,31.526066
Beef&Veal,Porterhouse Steak,247,54.454114
Beef&Veal,Rib Eye Steak,217,47.840254
Beef&Veal,Roast Beef,187,41.226394
Beef&Veal,Rump Steak,171,37.699002
Beef&Veal,Skirt Steak,205,45.19471
Beef&Veal,Stew Beef,191,42.108242
Beef&Veal,Strip Steak,117,25.794054
Beef&Veal,T-Bone-Steak,221,48.722102
Beef&Veal,Veal,282,62.170284
Beef&Veal,Veal Breast,282,62.170284
Beef&Veal,Veal Leg,211,46.517482
Beef&Veal,Veal Roast Beef,175,38.58085
Beef&Veal,Veal Shank,177,39.021774
Beef&Veal,Veal Shoulder,183,40.344546
Beef&Veal,Veal Sirloin,204,44.974248
Beef&Veal,Veal Tenderloin,217,47.840254
ColdCuts&LunchMeat,Baked Ham,343,75.618466
ColdCuts&LunchMeat,Beef Salami,375,82.67325
ColdCuts&LunchMeat,Boiled Ham,126,27.778212
ColdCuts&LunchMeat,Bologna,247,54.454114
ColdCuts&LunchMeat,Bresaola,178,39.242236
ColdCuts&LunchMeat,Capicola,110,24.25082
ColdCuts&LunchMeat,Chicken Breast Fillet,79,17.416498
ColdCuts&LunchMeat,Chopped Ham,180,39.68316
ColdCuts&LunchMeat,Chorizo,455,100.31021
ColdCuts&LunchMeat,Corned Beef,251,55.335962
ColdCuts&LunchMeat,Dutch Loaf,268,59.083816
ColdCuts&LunchMeat,Ham,145,31.96699
ColdCuts&LunchMeat,Ham Sausage,164,36.155768
ColdCuts&LunchMeat,Head Cheese,157,34.612534
ColdCuts&LunchMeat,Hickory Ham,188,41.446856
ColdCuts&LunchMeat,Honey Ham,122,26.896364
ColdCuts&LunchMeat,Liverwurst,326,71.870612
ColdCuts&LunchMeat,Olive Loaf,232,51.147184
ColdCuts&LunchMeat,Oven-Roasted Turkey Breast,104,22.928048
ColdCuts&LunchMeat,Parma Ham,345,76.05939
ColdCuts&LunchMeat,Pastrami,133,29.321446
ColdCuts&LunchMeat,Pepperoni,494,108.908228
ColdCuts&LunchMeat,Pimento Loaf,265,58.42243
ColdCuts&LunchMeat,Pork Roast,247,54.454114
ColdCuts&LunchMeat,Prosciutto,195,42.99009
ColdCuts&LunchMeat,Roast Beef,267,58.863354
ColdCuts&LunchMeat,Salami,336,74.075232
ColdCuts&LunchMeat,Serrano Ham,300,66.1386
ColdCuts&LunchMeat,Smoked Ham,107,23.589434
ColdCuts&LunchMeat,Smoked Turkey Breast,104,22.928048
ColdCuts&LunchMeat,Summer Sausage,298,65.697676
ColdCuts&LunchMeat,Tongue,284,62.611208
ColdCuts&LunchMeat,Turkey Breast,104,22.928048
ColdCuts&LunchMeat,Turkey Ham,126,27.778212
ColdCuts&LunchMeat,Turkey Salami,152,33.510224
Meat,Alligator,232,51.147184
Meat,Beef,248,54.674576
Meat,Beef Brisket,242,53.351804
Meat,Beef Jerky,410,90.38942
Meat,Beef Ribs,238,52.469956
Meat,Beef Tenderloin,218,48.060716
Meat,Chicken,219,48.281178
Meat,Chicken Breast,172,37.919464
Meat,Chicken Drumstick,185,40.78547
Meat,Chicken Fat,898,197.974876
Meat,Chicken Giblets,158,34.832996
Meat,Chicken Gizzards,146,32.187452
Meat,Chicken Leg,174,38.360388
Meat,Chicken Liver,167,36.817154
Meat,Chicken Meat,172,37.919464
Meat,Chicken Thigh,229,50.485798
Meat,Chicken Wing,266,58.642892
Meat,Chuck Steak,277,61.067974
Meat,Cubed Steak,199,43.871938
Meat,Duck,337,74.295694
Meat,Filet Mignon,267,58.863354
Meat,Flank Steak,194,42.769628
Meat,Flat Iron Steak,137,30.203294
Meat,Ground Beef,246,54.233652
Meat,Ground Round,246,54.233652
Meat,Ham,163,35.935306
Meat,New York Strip Steak,199,43.871938
Meat,Ostrich,145,31.96699
Meat,Pork,196,43.210552
Meat,Pork Baby Back Ribs,212,46.737944
Meat,Pork Chops,196,43.210552
Meat,Pork Country-Style Ribs,247,54.454114
Meat,Pork Loin,204,44.974248
Meat,Pork Roast,254,55.997348
Meat,Pork Steaks,196,43.210552
Meat,Roast Beef,140,30.86468
Meat,Round Steak,182,40.124084
Meat,Schnitzel,156,34.392072
Meat,Spare Ribs,238,52.469956
Meat,Standing Rib Roast,333,73.413846
Meat,T-Bone Steak,202,44.533324
Meat,Turkey,189,41.667318
Meat,Turkey Breast,135,29.76237
Meat,Turkey Legs,208,45.856096
Meat,Turkey Steak,189,41.667318
Meat,Turkey Wings,221,48.722102
Offal&Giblets,Beef Brain,196,43.210552
Offal&Giblets,Beef Heart,165,36.37623
Offal&Giblets,Beef Kidney,158,34.832996
Offal&Giblets,Beef Liver,191,42.108242
Offal&Giblets,Beef Lung,120,26.45544
Offal&Giblets,Beef Melt,271,59.745202
Offal&Giblets,Beef Tongue,284,62.611208
Offal&Giblets,Calf Brain,136,29.982832
Offal&Giblets,Calf Liver,192,42.328704
Offal&Giblets,Calf Lung,104,22.928048
Offal&Giblets,Calf Melt,256,56.438272
Offal&Giblets,Chicken Giblets,277,61.067974
Offal&Giblets,Chicken Heart,185,40.78547
Offal&Giblets,Chicken Liver,172,37.919464
Offal&Giblets,Chicken Stomach,148,32.628376
Offal&Giblets,Chitterlings,233,51.367646
Offal&Giblets,Duck Liver,136,29.982832
Offal&Giblets,Goose Liver,133,29.321446
Offal&Giblets,Hog Maws,157,34.612534
Offal&Giblets,Pig Brain,138,30.423756
Offal&Giblets,Pig Heart,148,32.628376
Offal&Giblets,Pig Kidney,151,33.289762
Offal&Giblets,Pig Lung,99,21.825738
Offal&Giblets,Pork Liver,165,36.37623
Offal&Giblets,Pork Melt,219,48.281178
Offal&Giblets,Pork Tongue,271,59.745202
Offal&Giblets,Turkey Giblets,173,38.139926
Offal&Giblets,Turkey Heart,174,38.360388
Offal&Giblets,Turkey Liver,189,41.667318
Offal&Giblets,Turkey Stomach,148,32.628376
Offal&Giblets,Veal Heart,186,41.005932
Offal&Giblets,Veal Kidney,163,35.935306
Offal&Giblets,Veal Tongue,202,44.533324
Pork,Bacon,407,89.728034
Pork,Brawn,309,68.122758
Pork,Canadian-Style Bacon,107,23.589434
Pork,Chitterlings,233,51.367646
Pork,Ground Pork,263,57.981506
Pork,Hog Maws,250,55.1155
Pork,Lard,898,197.974876
Pork,Meatloaf,89,19.621118
Pork,Parma Ham,261,57.540582
Pork,Pig Ear,166,36.596692
Pork,Pig Fat,638,140.654756
Pork,Pig?ôs Tail,396,87.302952
Pork,Pig?ôs Trotter,243,53.572266
Pork,Pork Bacon,407,89.728034
Pork,Pork Belly,518,114.199316
Pork,Pork Blade Steak,232,51.147184
Pork,Pork Chop,123,27.116826
Pork,Pork Country-Style Ribs,133,29.321446
Pork,Pork Crown Roast,212,46.737944
Pork,Pork Cutlet,131,28.880522
Pork,Pork Cutlets,131,28.880522
Pork,Pork Leg,201,44.312862
Pork,Pork Loin,143,31.526066
Pork,Pork Meatloaf,243,53.572266
Pork,Pork Ragout,73,16.093726
Pork,Pork Rib Roast,159,35.053458
Pork,Pork Ribs,292,64.374904
Pork,Pork Roast,194,42.769628
Pork,Pork Sausage,339,74.736618
Pork,Pork Shank,172,37.919464
Pork,Pork Shoulder,269,59.304278
Pork,Pork Shoulder Blade,232,51.147184
Pork,Pork Stomach,250,55.1155
Pork,Rack of Pork,241,53.131342
Pork,Salt Meat,286,63.052132
Pork,Salt Pork,286,63.052132
Pork,Serrano Ham,339,74.736618
Pork,Spare Ribs,396,87.302952
Pork,Spareribs,238,52.469956
Poultry&Fowl,Capon,229,50.485798
Poultry&Fowl,Chicken,219,48.281178
Poultry&Fowl,Chicken Breast,172,37.919464
Poultry&Fowl,Chicken Drumsticks,185,40.78547
Poultry&Fowl,Chicken Gizzards,154,33.951148
Poultry&Fowl,Chicken Legs,174,38.360388
Poultry&Fowl,Chicken Thighs,229,50.485798
Poultry&Fowl,Chicken Wings,266,58.642892
Poultry&Fowl,Cornish Hens,259,57.099658
Poultry&Fowl,Dove,213,46.958406
Poultry&Fowl,Duck,337,74.295694
Poultry&Fowl,Duck Breast,201,44.312862
Poultry&Fowl,Emu,152,33.510224
Poultry&Fowl,Goose,305,67.24091
Poultry&Fowl,Guinea-Fowl,158,34.832996
Poultry&Fowl,Ostrich,145,31.96699
Poultry&Fowl,Ostrich Meat,145,31.96699
Poultry&Fowl,Pheasant,239,52.690418
Poultry&Fowl,Pheasant Breast,133,29.321446
Poultry&Fowl,Pheasant Leg,239,52.690418
Poultry&Fowl,Pigeon,142,31.305604
Poultry&Fowl,Poularde,200,44.0924
Poultry&Fowl,Quail,227,50.044874
Poultry&Fowl,Quail Breast,123,27.116826
Poultry&Fowl,Rhea,160,35.27392
Poultry&Fowl,Turkey,189,41.667318
Poultry&Fowl,Turkey Breast,135,29.76237
Poultry&Fowl,Turkey Cutlet,189,41.667318
Poultry&Fowl,Turkey Drumsticks,208,45.856096
Poultry&Fowl,Turkey Legs,208,45.856096
Poultry&Fowl,Turkey Steak,189,41.667318
Poultry&Fowl,Turkey Wings,221,48.722102
Poultry&Fowl,Wild Duck,211,46.517482
Sausage,Andouille,232,51.147184
Sausage,Bacon,407,89.728034
Sausage,Black Pudding,379,83.555098
Sausage,Blood Sausage,379,83.555098
Sausage,Bockwurst,301,66.359062
Sausage,Boiled Ham,104,22.928048
Sausage,Bologna,247,54.454114
Sausage,Boudin,194,42.769628
Sausage,Bratwurst,297,65.477214
Sausage,Brawn,157,34.612534
Sausage,Breakfast Sausage Links,339,74.736618
Sausage,Cheese Pastry,374,82.452788
Sausage,Chicken Breast,79,17.416498
Sausage,Chicken Meat,79,17.416498
Sausage,Chicken Salad,81,17.857422
Sausage,Chorizo,455,100.31021
Sausage,Cooked Ham,133,29.321446
Sausage,Corned Beef,153,33.730686
Sausage,Cumberland Sausage,250,55.1155
Sausage,Frankfurters,305,67.24091
Sausage,Garlic Sausage,169,37.258078
Sausage,Hot Dogs,278,61.288436
Sausage,Hot Sausage,259,57.099658
Sausage,Italian Sausage,149,32.848838
Sausage,Jerky,410,90.38942
Sausage,Kielbasa,309,68.122758
Sausage,Knackwurst,307,67.681834
Sausage,Landjaeger,352,77.602624
Sausage,Linguica,282,62.170284
Sausage,Liver Pate,319,70.327378
Sausage,Liverwurst,326,71.870612
Sausage,Luncheon Meat,117,25.794054
Sausage,Mettwurst,310,68.34322
Sausage,Mortadella,311,68.563682
Sausage,Pastrami,133,29.321446
Sausage,Pepperoni,494,108.908228
Sausage,Polish Sausage,301,66.359062
Sausage,Pork,247,54.454114
Sausage,Pork Roll,302,66.579524
Sausage,Prosciutto,195,42.99009
Sausage,Ring Bologna,286,63.052132
Sausage,Salami,336,74.075232
Sausage,Sausage,230,50.70626
Sausage,Smoked Sausage,301,66.359062
Sausage,Souse,157,34.612534
Sausage,Spam,315,69.44553
Sausage,Weisswurst,313,69.004606
Venison&Game,Alligator,104,22.928048
Venison&Game,Alligator Meat,232,51.147184
Venison&Game,Antelope Meat,150,33.0693
Venison&Game,Bear Meat,259,57.099658
Venison&Game,Beaver Meat,212,46.737944
Venison&Game,Bison,171,37.699002
Venison&Game,Bison Meat,171,37.699002
Venison&Game,Bison Sirloin,171,37.699002
Venison&Game,Buffalo,131,28.880522
Venison&Game,Buffalo Meat,131,28.880522
Venison&Game,Caribou,159,35.053458
Venison&Game,Goose,238,52.469956
Venison&Game,Goose Meat,238,52.469956
Venison&Game,Lamb,202,44.533324
Venison&Game,Lamb Meat,202,44.533324
Venison&Game,Mallard Duck Meat,211,46.517482
Venison&Game,Mallard Meat,211,46.517482
Venison&Game,Moose,134,29.541908
Venison&Game,Moose Meat,134,29.541908
Venison&Game,Mutton,234,51.588108
Venison&Game,Mutton Meat,234,51.588108
Venison&Game,Ostrich,175,38.58085
Venison&Game,Ostrich Meat,175,38.58085
Venison&Game,Pheasant,239,52.690418
Venison&Game,Pheasant Meat,239,52.690418
Venison&Game,Rabbit,197,43.431014
Venison&Game,Racoon,255,56.21781
Venison&Game,Racoon Meat,255,56.21781
Venison&Game,Reindeer,200,44.0924
Venison&Game,Reindeer Meat,200,44.0924
Venison&Game,Squirrel,173,38.139926
Venison&Game,Squirrel Meat,173,38.139926
Venison&Game,Venison,164,36.155768
Venison&Game,Venison Sirloin,158,34.832996
Venison&Game,Wild Boar,160,35.27392
Venison&Game,Wild Boar Meat,160,35.27392
Cakes&Pies,Angel Food Cake,258,56.879196
Cakes&Pies,Apple Cake,252,55.556424
Cakes&Pies,Apple Cobbler,198,43.651476
Cakes&Pies,Apple Crisp,156,34.392072
Cakes&Pies,Apple Crumble,156,34.392072
Cakes&Pies,Apple Pie,237,52.249494
Cakes&Pies,Apple Strudel,274,60.406588
Cakes&Pies,Apple Turnover,348,76.720776
Cakes&Pies,Applesauce Cake,358,78.925396
Cakes&Pies,Baked Alaska,247,54.454114
Cakes&Pies,Bakewell Tart,430,94.79866
Cakes&Pies,Banoffee Pie,395,87.08249
Cakes&Pies,Birthday Cake,465,102.51483
Cakes&Pies,Black and White Cookie,381,83.996022
Cakes&Pies,Black Forest Cake,264,58.201968
Cakes&Pies,Blueberry Cobbler,234,51.588108
Cakes&Pies,Blueberry Muffin,377,83.114174
Cakes&Pies,Blueberry Pie,232,51.147184
Cakes&Pies,Bundt Cake,370,81.57094
Cakes&Pies,Buttermilk Pie,380,83.77556
Cakes&Pies,Caramel Cake,475,104.71945
Cakes&Pies,Carrot Cake,408,89.948496
Cakes&Pies,Cheesecake,321,70.768302
Cakes&Pies,Cherry Pie,260,57.32012
Cakes&Pies,Chess Pie,411,90.609882
Cakes&Pies,Chocolate Cake,389,85.759718
Cakes&Pies,Chocolate Cream Pie,304,67.020448
Cakes&Pies,Chocolate Mousse Cake,260,57.32012
Cakes&Pies,Chocolate Mousse Pie,260,57.32012
Cakes&Pies,Chocolate Muffin,420,92.59404
Cakes&Pies,Coconut Cake,356,78.484472
Cakes&Pies,Coffee Cake,331,72.972922
Cakes&Pies,Cream Puff,334,73.634308
Cakes&Pies,Crumb Cake,441,97.223742
Cakes&Pies,Cupcake,305,67.24091
Cakes&Pies,Danish Pastry,374,82.452788
Cakes&Pies,Donut,403,88.846186
Cakes&Pies,Doughnut,403,88.846186
Cakes&Pies,Flan,145,31.96699
Cakes&Pies,Flourless Chocolate Cake,509,112.215158
Cakes&Pies,French Cruller,412,90.830344
Cakes&Pies,Fruit Cake,324,71.429688
Cakes&Pies,Funnel Cake,307,67.681834
Cakes&Pies,German Chocolate Cake,370,81.57094
Cakes&Pies,Gingerbread,356,78.484472
Cakes&Pies,Ice Cream Cake,200,44.0924
Cakes&Pies,Key Lime Pie,359,79.145858
Cakes&Pies,King Cake,377,83.114174
Cakes&Pies,Layer Cake,402,88.625724
Cakes&Pies,Lemon Cake,352,77.602624
Cakes&Pies,Lemon Meringue Pie,268,59.083816
Cakes&Pies,Madeira Cake,394,86.862028
Cakes&Pies,Marble Cake,339,74.736618
Cakes&Pies,Meringue,285,62.83167
Cakes&Pies,Opera Cake,320,70.54784
Cakes&Pies,Paczki,336,74.075232
Cakes&Pies,Pancake,227,50.044874
Cakes&Pies,Panettone,360,79.36632
Cakes&Pies,Pavlova,294,64.815828
Cakes&Pies,Peach Cobbler,65,14.33003
Cakes&Pies,Peach Pie,223,49.163026
Cakes&Pies,Pecan Pie,407,89.728034
Cakes&Pies,Pineapple Upside-Down Cake,319,70.327378
Cakes&Pies,Plum Cake,109,24.030358
Cakes&Pies,Poppy-Seed Cake,394,86.862028
Cakes&Pies,Pound Cake,390,85.98018
Cakes&Pies,Profiterole,334,73.634308
Cakes&Pies,Puff Pastry,558,123.017796
Cakes&Pies,Pumpkin Bread,298,65.697676
Cakes&Pies,Pumpkin Cheesecake,340,74.95708
Cakes&Pies,Pumpkin Pie,243,53.572266
Cakes&Pies,Raspberry Pie,240,52.91088
Cakes&Pies,Red Velvet Cake,367,80.909554
Cakes&Pies,Rhubarb Pie,245,54.01319
Cakes&Pies,Rum Cake,351,77.382162
Cakes&Pies,Sacher Torte,352,77.602624
Cakes&Pies,Sponge Cake,289,63.713518
Cakes&Pies,Strawberry Cheesecake,327,72.091074
Cakes&Pies,Strawberry Pie,230,50.70626
Cakes&Pies,Strawberry Rhubarb Pie,281,61.949822
Cakes&Pies,Sweet Potato Pie,260,57.32012
Cakes&Pies,Swiss Roll,439,96.782818
Cakes&Pies,Tarte Tatin,210,46.29702
Cakes&Pies,Tiramisu,283,62.390746
Cakes&Pies,Tiramisu Cake,291,64.154442
Cakes&Pies,Treacle Tart,369,81.350478
Cakes&Pies,Tres Leches Cake,246,54.233652
Cakes&Pies,Trifle,180,39.68316
Cakes&Pies,Victoria Sponge Cake,257,56.658734
Cakes&Pies,Waffles,312,68.784144
Cakes&Pies,Wedding Cake,381,83.996022
Candy&Sweets,3 Musketeers,400,88.1848
Candy&Sweets,After Eight,452,99.648824
Candy&Sweets,Airheads,375,82.67325
Candy&Sweets,Almond Roca,571,125.883802
Candy&Sweets,Angel Delight,451,99.428362
Candy&Sweets,Animal Crackers,446,98.326052
Candy&Sweets,Baby Ruth,469,103.396678
Candy&Sweets,Butterfinger,450,99.2079
Candy&Sweets,Buttermilk Pancakes,238,52.469956
Candy&Sweets,Candy Apple,152,33.510224
Candy&Sweets,Candy Cane,423,93.255426
Candy&Sweets,Candy canes,423,93.255426
Candy&Sweets,Candy Corn,360,79.36632
Candy&Sweets,Candy Floss,400,88.1848
Candy&Sweets,Caramel Popcorn,376,82.893712
Candy&Sweets,Caramel squares,367,80.909554
Candy&Sweets,Celebrations,490,108.02638
Candy&Sweets,Cheez-It?ôs,533,117.506246
Candy&Sweets,Chocolate,529,116.624398
Candy&Sweets,Chocolate Bar,533,117.506246
Candy&Sweets,Chocolate Chips,493,108.687766
Candy&Sweets,Cookies,488,107.585456
Candy&Sweets,Cotton Candy,643,141.757066
Candy&Sweets,Eggy Bread,196,43.210552
Candy&Sweets,Fairy Cakes,440,97.00328
Candy&Sweets,Ferrero Rocher,576,126.986112
Candy&Sweets,Flapjack,486,107.144532
Candy&Sweets,Fortune Cookies,214,47.178868
Candy&Sweets,Granola Bars,452,99.648824
Candy&Sweets,Gumdrops,321,70.768302
Candy&Sweets,Gummi Bears,316,69.665992
Candy&Sweets,Hanuta,541,119.269942
Candy&Sweets,Hershey Kisses,471,103.837602
Candy&Sweets,Jelly Beans,354,78.043548
Candy&Sweets,Jelly Belly,354,78.043548
Candy&Sweets,Jolly Ranchers,385,84.87787
Candy&Sweets,Jordan Almonds,429,94.578198
Candy&Sweets,Kit Kat,521,114.860702
Candy&Sweets,Laffy Taffy,372,82.011864
Candy&Sweets,Licorice,375,82.67325
Candy&Sweets,LifeSavers,500,110.231
Candy&Sweets,Lindt Chocolate,548,120.813176
Candy&Sweets,Liquorice,375,82.67325
Candy&Sweets,Lollipop,392,86.421104
Candy&Sweets,M&M?ôs,479,105.601298
Candy&Sweets,Maltesers,498,109.790076
Candy&Sweets,Mars Bar,448,98.766976
Candy&Sweets,Marshmallows,318,70.106916
Candy&Sweets,Marzipan,411,90.609882
Candy&Sweets,Mike and Ike,360,79.36632
Candy&Sweets,Milk Duds,422,93.034964
Candy&Sweets,Milky Way,449,98.987438
Candy&Sweets,PayDay,462,101.853444
Candy&Sweets,Peanut Bar,533,117.506246
Candy&Sweets,Peanut Brittle,183,40.344546
Candy&Sweets,Peanut Butter Bars,379,83.555098
Candy&Sweets,Peanut Butter Cookies,475,104.71945
Candy&Sweets,Peppermint bark,500,110.231
Candy&Sweets,Pez,427,94.137274
Candy&Sweets,Pop Rocks,358,78.925396
Candy&Sweets,Popcorn,582,128.308884
Candy&Sweets,Pumpkin Seeds,560,123.45872
Candy&Sweets,Reeses Peanut Butter Cups,536,118.167632
Candy&Sweets,Rice Pudding,134,29.541908
Candy&Sweets,Roasted Almonds,452,99.648824
Candy&Sweets,Rolo,474,104.498988
Candy&Sweets,S?ômores,500,110.231
Candy&Sweets,Semolina,340,74.95708
Candy&Sweets,Skittles,405,89.28711
Candy&Sweets,Smarties,357,78.704934
Candy&Sweets,Smores,500,110.231
Candy&Sweets,Snickers,484,106.703608
Candy&Sweets,Sour Patch Kids,363,80.027706
Candy&Sweets,Speculoos,469,103.396678
Candy&Sweets,Spritz Cookies,500,110.231
Candy&Sweets,Take 5,476,104.939912
Candy&Sweets,Toblerone,525,115.74255
Candy&Sweets,Trifle,186,41.005932
Candy&Sweets,Twix,495,109.12869
Candy&Sweets,Waffles,272,59.965664
Candy&Sweets,Whoopie Pie,400,88.1848
IceCream,Baskin-Robbins,239,52.690418
IceCream,Ben and Jerry?ôs,228,50.265336
IceCream,Butter Pecan Ice Cream,248,54.674576
IceCream,Carvel,212,46.737944
IceCream,Chocolate Chip Ice Cream,215,47.39933
IceCream,Chocolate Ice Cream,216,47.619792
IceCream,Ciao Bella,109,24.030358
IceCream,Coffee Ice Cream,236,52.029032
IceCream,Cold Stone Creamery,232,51.147184
IceCream,Cookie Dough Ice Cream,200,44.0924
IceCream,Crunchie McFlurry,174,38.360388
IceCream,Dairy Milk McFlurry,186,41.005932
IceCream,Dippin Dots,224,49.383488
IceCream,Double Rainbow,257,56.658734
IceCream,Drumsticks,255,56.21781
IceCream,French Vanilla Ice Cream,201,44.312862
IceCream,Friendly?ôs,212,46.737944
IceCream,Healthy Choice,125,27.55775
IceCream,Hot Fudge Sundae,186,41.005932
IceCream,Ice Cream Sandwich,237,52.249494
IceCream,Ice Cream Sundae,142,31.305604
IceCream,Ice Milk,159,35.053458
IceCream,Magnolia,230,50.70626
IceCream,Magnum,300,66.1386
IceCream,Magnum Almond,315,69.44553
IceCream,Magnum Double Caramel,355,78.26401
IceCream,Magnum Double Chocolate,380,83.77556
IceCream,Magnum Gold,341,75.177542
IceCream,Magnum White,297,65.477214
IceCream,McFlurry,153,33.730686
IceCream,McFlurry Oreo,186,41.005932
IceCream,Mini Milk,120,26.45544
IceCream,Mint Chocolate Chip Ice Cream,239,52.690418
IceCream,Rocky Road Ice Cream,257,56.658734
IceCream,Schwan?ôs,246,54.233652
IceCream,Smarties McFlurry,198,43.651476
IceCream,Snickers Ice Cream,360,79.36632
IceCream,Soft Serve,222,48.942564
IceCream,Solero,100,22.0462
IceCream,Strawberry Ice Cream,236,52.029032
IceCream,Strawberry Sundae,158,34.832996
IceCream,Sundae,215,47.39933
IceCream,Turkey Hill,271,59.745202
IceCream,Vanilla Cone,162,35.714844
IceCream,Vanilla Ice Cream,201,44.312862
(Fruit)Juices,Acai Juice,58,12.786796
(Fruit)Juices,Aloe Vera,44,9.700328
(Fruit)Juices,Apple Juice,46,10.141252
(Fruit)Juices,Apricot Nectar,56,12.345872
(Fruit)Juices,Banana Juice,50,11.0231
(Fruit)Juices,Blackberry Juice,48,10.582176
(Fruit)Juices,Boysenberry Juice,54,11.904948
(Fruit)Juices,Capri-Sun,41,9.038942
(Fruit)Juices,Carrot Juice,40,8.81848
(Fruit)Juices,Chamomile Tea,0,0
(Fruit)Juices,Cherry Juice,45,9.92079
(Fruit)Juices,Clamato,60,13.22772
(Fruit)Juices,Coconut Milk,233,51.367646
(Fruit)Juices,Coconut Water,19,4.188778
(Fruit)Juices,Concord Grape,71,15.652802
(Fruit)Juices,Cranberry Apple Juice,67,14.770954
(Fruit)Juices,Cranberry Grape Juice,71,15.652802
(Fruit)Juices,Cranberry Juice,46,10.141252
(Fruit)Juices,Cucumber Juice,10,2.20462
(Fruit)Juices,Currant Juice,48,10.582176
(Fruit)Juices,Energy-Drink,87,19.180194
(Fruit)Juices,Fruitopia,110,24.25082
(Fruit)Juices,Grape Juice,60,13.22772
(Fruit)Juices,Grapefruit Juice,46,10.141252
(Fruit)Juices,Lemon Juice,21,4.629702
(Fruit)Juices,Lemonade,50,11.0231
(Fruit)Juices,Lime Juice,21,4.629702
(Fruit)Juices,Limeade,128,28.219136
(Fruit)Juices,Mango Lassi,66,14.550492
(Fruit)Juices,Nestea,21,4.629702
(Fruit)Juices,Orange Juice,46,10.141252
(Fruit)Juices,Papaya Juice,58,12.786796
(Fruit)Juices,Passion Fruit Juice,48,10.582176
(Fruit)Juices,Peach Juice,54,11.904948
(Fruit)Juices,Peach Nectar,54,11.904948
(Fruit)Juices,Pear Juice,60,13.22772
(Fruit)Juices,Pear Nectar,60,13.22772
(Fruit)Juices,Pineapple Juice,53,11.684486
(Fruit)Juices,Pineapple Orange Juice,50,11.0231
(Fruit)Juices,Plum Juice,71,15.652802
(Fruit)Juices,Pomegranate Juice,66,14.550492
(Fruit)Juices,Sauerkraut Juice,14,3.086468
(Fruit)Juices,Tangerine Juice,43,9.479866
(Fruit)Juices,Tomato Juice,17,3.747854
(Fruit)Juices,Vegetable Juice,21,4.629702
(Fruit)Juices,White Grape Juice,75,16.53465
AlcoholicDrinks&Beverages,Absinthe,348,76.720776
AlcoholicDrinks&Beverages,Advocaat,283,62.390746
AlcoholicDrinks&Beverages,Amaretto,310,68.34322
AlcoholicDrinks&Beverages,Applejack,233,51.367646
AlcoholicDrinks&Beverages,Asti,138,30.423756
AlcoholicDrinks&Beverages,Bailey?ôs Irish Cream,327,72.091074
AlcoholicDrinks&Beverages,Baileys,327,72.091074
AlcoholicDrinks&Beverages,Beer,43,9.479866
AlcoholicDrinks&Beverages,Blue Curacao,243,53.572266
AlcoholicDrinks&Beverages,Bourbon,233,51.367646
AlcoholicDrinks&Beverages,Brandy,213,46.958406
AlcoholicDrinks&Beverages,Canadian Whiskey,216,47.619792
AlcoholicDrinks&Beverages,Chambord,348,76.720776
AlcoholicDrinks&Beverages,Champagne,75,16.53465
AlcoholicDrinks&Beverages,Cider,49,10.802638
AlcoholicDrinks&Beverages,Cognac,235,51.80857
AlcoholicDrinks&Beverages,Cointreau,320,70.54784
AlcoholicDrinks&Beverages,Drambuie,358,78.925396
AlcoholicDrinks&Beverages,Frangelico,238,52.469956
AlcoholicDrinks&Beverages,Gin,263,57.981506
AlcoholicDrinks&Beverages,Glenfiddich,230,50.70626
AlcoholicDrinks&Beverages,Grand Marnier,253,55.776886
AlcoholicDrinks&Beverages,Irish Whiskey,233,51.367646
AlcoholicDrinks&Beverages,Jack Daniel?ôs,146,32.187452
AlcoholicDrinks&Beverages,Jagermeister,250,55.1155
AlcoholicDrinks&Beverages,Jim Beam,222,48.942564
AlcoholicDrinks&Beverages,Kahlua,180,39.68316
AlcoholicDrinks&Beverages,Liqueur,250,55.1155
AlcoholicDrinks&Beverages,Liquor,250,55.1155
AlcoholicDrinks&Beverages,Midori,267,58.863354
AlcoholicDrinks&Beverages,Prosecco,66,14.550492
AlcoholicDrinks&Beverages,Punch,62,13.668644
AlcoholicDrinks&Beverages,Red Wine,85,18.73927
AlcoholicDrinks&Beverages,Rose Wine,71,15.652802
AlcoholicDrinks&Beverages,Rum,231,50.926722
AlcoholicDrinks&Beverages,Sambuca,333,73.413846
AlcoholicDrinks&Beverages,Sangria,96,21.164352
AlcoholicDrinks&Beverages,Scotch,222,48.942564
AlcoholicDrinks&Beverages,Sherry,116,25.573592
AlcoholicDrinks&Beverages,Sloe Gin,332,73.193384
AlcoholicDrinks&Beverages,Southern Comfort,247,54.454114
AlcoholicDrinks&Beverages,Tequila,110,24.25082
AlcoholicDrinks&Beverages,Triple Sec,153,33.730686
AlcoholicDrinks&Beverages,Vermouth,130,28.66006
AlcoholicDrinks&Beverages,Vodka,231,50.926722
AlcoholicDrinks&Beverages,Whisky,250,55.1155
AlcoholicDrinks&Beverages,White Wine,82,18.077884
AlcoholicDrinks&Beverages,Wine,83,18.298346
Beer,Ale,35,7.71617
Beer,Altbier,43,9.479866
Beer,Bass,45,9.92079
Beer,Beck?ôs,39,8.598018
Beer,Beer,43,9.479866
Beer,Blue Moon,48,10.582176
Beer,Bock Beer,50,11.0231
Beer,Buckler (N.A.),21,4.629702
Beer,Bud Ice,35,7.71617
Beer,Bud Light,29,6.393398
Beer,Bud Light Chelada,43,9.479866
Beer,Bud Light Lime,34,7.495708
Beer,Bud Select,28,6.172936
Beer,Bud Select 55,15,3.30693
Beer,Budweiser,41,9.038942
Beer,Budweiser Chelada,52,11.464024
Beer,Busch,37,8.157094
Beer,Busch Light,27,5.952474
Beer,Busch N.A.,17,3.747854
Beer,Carlsberg,32,7.054784
Beer,Clausthaler (N.A.),26,5.732012
Beer,Colt 45,44,9.700328
Beer,Coors,42,9.259404
Beer,Coors Light,29,6.393398
Beer,Coors N.A.,18,3.968316
Beer,Corona,42,9.259404
Beer,Dark Beer,46,10.141252
Beer,Genesee Cream Ale,46,10.141252
Beer,Ginger Beer,42,9.259404
Beer,Guinness,35,7.71617
Beer,Heineken,35,7.71617
Beer,Honey Brown,42,9.259404
Beer,Hurricane High Gravity,39,8.598018
Beer,IPA,51,11.243562
Beer,Keystone Ice,40,8.81848
Beer,Keystone Light,29,6.393398
Beer,Koelsch,43,9.479866
Beer,Labatt,43,9.479866
Beer,Lager Beer,43,9.479866
Beer,Land Shark,42,9.259404
Beer,Light Beer,29,6.393398
Beer,Lowenbrau,45,9.92079
Beer,Malt Beer,37,8.157094
Beer,Michelob Amber Bock,47,10.361714
Beer,Michelob Lager,44,9.700328
Beer,Michelob Light,32,7.054784
Beer,Michelob Ultra,27,5.952474
Beer,Michelob Ultra Amber,26,5.732012
Beer,Michelob Ultra Lime Cactus,27,5.952474
Beer,Miller Chill,31,6.834322
Beer,Miller Genuine Draft,40,8.81848
Beer,Miller High Life,40,8.81848
Beer,Miller High Life Light,31,6.834322
Beer,Miller Lite,27,5.952474
Beer,Milwaukee?ôs Best,36,7.936632
Beer,Milwaukee?ôs Best Light,28,6.172936
Beer,Molson,42,9.259404
Beer,Natural Ice,44,9.700328
Beer,Natural Light,27,5.952474
Beer,Newcastle,39,8.598018
Beer,Non-alcoholic Beer,37,8.157094
Beer,O?ôDoul?ôs (N.A.),19,4.188778
Beer,Old Milwaukee,41,9.038942
Beer,Old Milwaukee N.A.,16,3.527392
Beer,Olde English,45,9.92079
Beer,Pabst Blue Ribbon,41,9.038942
Beer,Pale Ale,42,9.259404
Beer,Pilsner,43,9.479866
Beer,Porter,54,11.904948
Beer,Redbridge (Gluten-free),45,9.92079
Beer,Rolling Rock,37,8.157094
Beer,Rolling Rock Light,30,6.61386
Beer,Root Beer,41,9.038942
Beer,Samuel Adams,45,9.92079
Beer,Shock Top,47,10.361714
Beer,Shock Top Raspberry Wheat,50,11.0231
Beer,Sierra Nevada Strong,62,13.668644
Beer,Sparks,74,16.314188
Beer,St. Pauli Girl,42,9.259404
Beer,Steel Reserve,63,13.889106
Beer,Stout,51,11.243562
Beer,Stout Beer,51,11.243562
Beer,Strong Beer,55,12.12541
Beer,Tilt,64,14.109568
Beer,Wheat Beer,45,9.92079
Non-AlcoholicDrinks&Beverages,ACE Drink,44,9.700328
Non-AlcoholicDrinks&Beverages,Apple Spritzer,24,5.291088
Non-AlcoholicDrinks&Beverages,Chai,0,0
Non-AlcoholicDrinks&Beverages,Chai Tea,0,0
Non-AlcoholicDrinks&Beverages,Chocolate Milk,89,19.621118
Non-AlcoholicDrinks&Beverages,Chocolate Milkshake,125,27.55775
Non-AlcoholicDrinks&Beverages,Club Mate,30,6.61386
Non-AlcoholicDrinks&Beverages,Coca Cola,42,9.259404
Non-AlcoholicDrinks&Beverages,Coffee,1,0.220462
Non-AlcoholicDrinks&Beverages,Coke Zero,1,0.220462
Non-AlcoholicDrinks&Beverages,Cola,42,9.259404
Non-AlcoholicDrinks&Beverages,Crystal Light,263,57.981506
Non-AlcoholicDrinks&Beverages,Diet Coke,1,0.220462
Non-AlcoholicDrinks&Beverages,Egg Cream,94,20.723428
Non-AlcoholicDrinks&Beverages,Egg Nog,88,19.400656
Non-AlcoholicDrinks&Beverages,Elderflower Cordial,29,6.393398
Non-AlcoholicDrinks&Beverages,Evian,0,0
Non-AlcoholicDrinks&Beverages,Gatorade,23,5.070626
Non-AlcoholicDrinks&Beverages,Ginger Tea,0,0
Non-AlcoholicDrinks&Beverages,Hawaiian Punch,31,6.834322
Non-AlcoholicDrinks&Beverages,Hi-C,49,10.802638
Non-AlcoholicDrinks&Beverages,Horchata,54,11.904948
Non-AlcoholicDrinks&Beverages,Hot Chocolate,89,19.621118
Non-AlcoholicDrinks&Beverages,Ice Tea,27,5.952474
Non-AlcoholicDrinks&Beverages,Iced Tea,27,5.952474
Non-AlcoholicDrinks&Beverages,Karamalz,37,8.157094
Non-AlcoholicDrinks&Beverages,Kombucha,13,2.866006
Non-AlcoholicDrinks&Beverages,Kool-Aid,26,5.732012
Non-AlcoholicDrinks&Beverages,Lassi,104,22.928048
Non-AlcoholicDrinks&Beverages,Latte Macchiato,57,12.566334
Non-AlcoholicDrinks&Beverages,Lemonade,42,9.259404
Non-AlcoholicDrinks&Beverages,Malt Beer,37,8.157094
Non-AlcoholicDrinks&Beverages,Milk,61,13.448182
Non-AlcoholicDrinks&Beverages,Milkshake (dry),329,72.531998
Non-AlcoholicDrinks&Beverages,Milo,409,90.168958
Non-AlcoholicDrinks&Beverages,Nectar,53,11.684486
Non-AlcoholicDrinks&Beverages,Nestea,36,7.936632
Non-AlcoholicDrinks&Beverages,Non-alcoholic Beer,37,8.157094
Non-AlcoholicDrinks&Beverages,Powerade,16,3.527392
Non-AlcoholicDrinks&Beverages,Slurpee,4,0.881848
Non-AlcoholicDrinks&Beverages,Slush Puppie,50,11.0231
Non-AlcoholicDrinks&Beverages,Smoothie,37,8.157094
Non-AlcoholicDrinks&Beverages,Soy Milk,45,9.92079
Non-AlcoholicDrinks&Beverages,Strawberry Milkshake,113,24.912206
Non-AlcoholicDrinks&Beverages,Tang,381,83.996022
Non-AlcoholicDrinks&Beverages,Tap Water,0,0
Non-AlcoholicDrinks&Beverages,Tea,1,0.220462
Non-AlcoholicDrinks&Beverages,Vanilla Milkshake,149,32.848838
Non-AlcoholicDrinks&Beverages,Volvic,0,0
Non-AlcoholicDrinks&Beverages,Water,0,0
Non-AlcoholicDrinks&Beverages,Yerba Mate,62,13.668644
Soda&SoftDrinks,7up,44,9.700328
Soda&SoftDrinks,Barq?ôs,46,10.141252
Soda&SoftDrinks,Bitter Lemon,34,7.495708
Soda&SoftDrinks,Canada Dry Ginger Ale,41,9.038942
Soda&SoftDrinks,Cherry Coke,44,9.700328
Soda&SoftDrinks,Coke,42,9.259404
Soda&SoftDrinks,Coke Zero,0,0
Soda&SoftDrinks,Diet Cherry Coke,1,0.220462
Soda&SoftDrinks,Diet Coke,1,0.220462
Soda&SoftDrinks,Diet Dr. Pepper,0,0
Soda&SoftDrinks,Diet Pepsi,0,0
Soda&SoftDrinks,Diet Sunkist,0,0
Soda&SoftDrinks,Dr. Brown?ôs,53,11.684486
Soda&SoftDrinks,Dr. Pepper,27,5.952474
Soda&SoftDrinks,Fanta,39,8.598018
Soda&SoftDrinks,Fanta Zero,0,0
Soda&SoftDrinks,Five Alive,35,7.71617
Soda&SoftDrinks,Fresca,0,0
Soda&SoftDrinks,Full Throttle,110,24.25082
Soda&SoftDrinks,Fuze,20,4.40924
Soda&SoftDrinks,Fuze Tea,25,5.51155
Soda&SoftDrinks,Gatorade,25,5.51155
Soda&SoftDrinks,Ginger Ale,35,7.71617
Soda&SoftDrinks,Ice Tea,27,5.952474
Soda&SoftDrinks,Jolt Cola,44,9.700328
Soda&SoftDrinks,Kool-Aid,26,5.732012
Soda&SoftDrinks,Lemonade,42,9.259404
Soda&SoftDrinks,Mello Yello,49,10.802638
Soda&SoftDrinks,Minute Maid,46,10.141252
Soda&SoftDrinks,Minute Maid Light,2,0.440924
Soda&SoftDrinks,Mug Root Beer,42,9.259404
Soda&SoftDrinks,Orange Soda,48,10.582176
Soda&SoftDrinks,Pepsi,44,9.700328
Soda&SoftDrinks,Pibb Xtra,40,8.81848
Soda&SoftDrinks,Powerade,120,26.45544
Soda&SoftDrinks,Schweppes Ginger Ale,38,8.377556
Soda&SoftDrinks,Soda,53,11.684486
Soda&SoftDrinks,Sprite,37,8.157094
Soda&SoftDrinks,Sprite Zero,0,0
Soda&SoftDrinks,Squirt,44,9.700328
Soda&SoftDrinks,Sunkist,25,5.51155
Soda&SoftDrinks,Surge,48,10.582176
Soda&SoftDrinks,TaB,0,0
Soda&SoftDrinks,Tonic Water,35,7.71617
Soda&SoftDrinks,Vanilla Coke,45,9.92079
Wine,Cabernet Sauvignon,77,16.975574
Wine,Cava,76,16.755112
Wine,Champagne,76,16.755112
Wine,Chardonnay,85,18.73927
Wine,Chenin Blanc,80,17.63696
Wine,Chocolate Wine,256,56.438272
Wine,Dry Red Wine,85,18.73927
Wine,Gamay,78,17.196036
Wine,Malbec,82,18.077884
Wine,Malbec Wine,82,18.077884
Wine,Marsala Wine,100,22.0462
Wine,Merlot,83,18.298346
Wine,Merlot Wine,83,18.298346
Wine,Moscato Wine,76,16.755112
Wine,Mulled Wine,196,43.210552
Wine,Pinot Gris,83,18.298346
Wine,Pinot Noir,75,16.53465
Wine,Plum Wine,163,35.935306
Wine,Port Wine,160,35.27392
Wine,Prosecco,71,15.652802
Wine,Red Wine,85,18.73927
Wine,Red Wines,85,18.73927
Wine,Riesling,80,17.63696
Wine,Riesling Wine,80,17.63696
Wine,Rose Wine,71,15.652802
Wine,Sangria,132,29.100984
Wine,Sauvignon Blanc,81,17.857422
Wine,Sherry,116,25.573592
Wine,Shiraz,71,15.652802
Wine,Sparkling Wine,190,41.88778
Wine,Sweet Red Wine,81,17.857422
Wine,Sweet White Wine,82,18.077884
Wine,Sweet Wines,83,18.298346
Wine,Vermouth,108,23.809896
Wine,White Wine,82,18.077884
Wine,White Zinfandel,88,19.400656
Wine,Wine,83,18.298346
Wine,Yellow Tail Wine,71,15.652802
Wine,Zinfandel,88,19.400656
CerealProducts,Amaranth,371,81.791402
CerealProducts,Barley,354,78.043548
CerealProducts,Barley Groats,100,22.0462
CerealProducts,Brown Rice,388,85.539256
CerealProducts,Buckwheat,343,75.618466
CerealProducts,Buckwheat Groats,346,76.279852
CerealProducts,Corn Waffles,274,60.406588
CerealProducts,Cornmeal,362,79.807244
CerealProducts,Cornstarch,381,83.996022
CerealProducts,Couscous,376,82.893712
CerealProducts,Cracker,502,110.671924
CerealProducts,Durum Wheat Semolina,397,87.523414
CerealProducts,Flaxseed,534,117.726708
CerealProducts,Freekeh,520,114.64024
CerealProducts,Gluten,370,81.57094
CerealProducts,Grissini,408,89.948496
CerealProducts,Kamut,337,74.295694
CerealProducts,Millet,378,83.334636
CerealProducts,Millet Flour,372,82.011864
CerealProducts,Millet Gruel,46,10.141252
CerealProducts,Oat Bran,246,54.233652
CerealProducts,Pearl Barley,352,77.602624
CerealProducts,Polenta,366,80.689092
CerealProducts,Prawn Crackers,527,116.183474
CerealProducts,Pretzel Sticks,380,83.77556
CerealProducts,Quinoa,368,81.130016
CerealProducts,Rusk,410,90.38942
CerealProducts,Rye Bran,281,61.949822
CerealProducts,Sago,354,78.043548
CerealProducts,Savoury Biscuits,347,76.500314
CerealProducts,Shortbread,502,110.671924
CerealProducts,Spelt,338,74.516156
CerealProducts,Spelt Bran,177,39.021774
CerealProducts,Spelt Semolina,360,79.36632
CerealProducts,Sunflower Seeds,584,128.749808
CerealProducts,Tortilla,237,52.249494
CerealProducts,Tortilla Chips,499,110.010538
CerealProducts,Wheat Bran,216,47.619792
CerealProducts,Wheat Germ,382,84.216484
CerealProducts,Wheat Gluten,325,71.65015
CerealProducts,Wheat Semolina,360,79.36632
CerealProducts,Wheat Starch,351,77.382162
CerealProducts,Whole Grain Wheat,339,74.736618
CerealProducts,Wholegrain Oat,375,82.67325
"Oatmeal,Muesli&Cereals",Bran Flakes,356,78.484472
"Oatmeal,Muesli&Cereals",Cap?ôn Crunch,404,89.066648
"Oatmeal,Muesli&Cereals",Cheerios,347,76.500314
"Oatmeal,Muesli&Cereals",Chex,387,85.318794
"Oatmeal,Muesli&Cereals",Chocolate Cheerios,367,80.909554
"Oatmeal,Muesli&Cereals",Chocos,380,83.77556
"Oatmeal,Muesli&Cereals",Cinnamon Toast Crunch,433,95.460046
"Oatmeal,Muesli&Cereals",Coco Pops,376,82.893712
"Oatmeal,Muesli&Cereals",Cocoa Krispies,386,85.098332
"Oatmeal,Muesli&Cereals",Cocoa Pebbles,367,80.909554
"Oatmeal,Muesli&Cereals",Cocoa Puffs,400,88.1848
"Oatmeal,Muesli&Cereals",Cookie Crisp,400,88.1848
"Oatmeal,Muesli&Cereals",Corn Flakes,357,78.704934
"Oatmeal,Muesli&Cereals",Corn Pops,377,83.114174
"Oatmeal,Muesli&Cereals",Count Chocula,407,89.728034
"Oatmeal,Muesli&Cereals",Cracklin Oat Bran,402,88.625724
"Oatmeal,Muesli&Cereals",Cream of Wheat,364,80.248168
"Oatmeal,Muesli&Cereals",Crunchy Nut,600,132.2772
"Oatmeal,Muesli&Cereals",Crunchy Nut Cornflakes,600,132.2772
"Oatmeal,Muesli&Cereals",Fiber One,267,58.863354
"Oatmeal,Muesli&Cereals",Froot Loops,379,83.555098
"Oatmeal,Muesli&Cereals",Frosted Cheerios,393,86.641566
"Oatmeal,Muesli&Cereals",Frosted Flakes,367,80.909554
"Oatmeal,Muesli&Cereals",Frosted Mini-Wheats,353,77.823086
"Oatmeal,Muesli&Cereals",Frosties,367,80.909554
"Oatmeal,Muesli&Cereals",Fruity Pebbles,400,88.1848
"Oatmeal,Muesli&Cereals",Golden Grahams,400,88.1848
"Oatmeal,Muesli&Cereals",Grape-Nuts,362,79.807244
"Oatmeal,Muesli&Cereals",Honey Nut Cheerios,393,86.641566
"Oatmeal,Muesli&Cereals",Honey Smacks,370,81.57094
"Oatmeal,Muesli&Cereals",Honeycomb,397,87.523414
"Oatmeal,Muesli&Cereals",Just Right,391,86.200642
"Oatmeal,Muesli&Cereals",Kashi,377,83.114174
"Oatmeal,Muesli&Cereals",Kelloggs Corn Flakes,357,78.704934
"Oatmeal,Muesli&Cereals",Kix,367,80.909554
"Oatmeal,Muesli&Cereals",Krave,372,82.011864
"Oatmeal,Muesli&Cereals",Life Cereal,375,82.67325
"Oatmeal,Muesli&Cereals",Lucky Charms,406,89.507572
"Oatmeal,Muesli&Cereals",Malt-O-Meal,51,11.243562
"Oatmeal,Muesli&Cereals",Mini-Wheats,353,77.823086
"Oatmeal,Muesli&Cereals",Muesli,336,74.075232
"Oatmeal,Muesli&Cereals",Multigrain Cheerios,380,83.77556
"Oatmeal,Muesli&Cereals",Nutri-Grain,351,77.382162
"Oatmeal,Muesli&Cereals",Oatibix,421,92.814502
"Oatmeal,Muesli&Cereals",Oatmeal,375,82.67325
"Oatmeal,Muesli&Cereals",Peanut Butter Toast Crunch,431,95.019122
"Oatmeal,Muesli&Cereals",Post Raisin Bran,322,70.988764
"Oatmeal,Muesli&Cereals",Post Shredded Wheat,347,76.500314
"Oatmeal,Muesli&Cereals",Puff,367,80.909554
"Oatmeal,Muesli&Cereals",Puffed Rice,383,84.436946
"Oatmeal,Muesli&Cereals",Puffed Wheat,367,80.909554
"Oatmeal,Muesli&Cereals",Quaker Grits,344,75.838928
"Oatmeal,Muesli&Cereals",Quaker Oatmeal,375,82.67325
"Oatmeal,Muesli&Cereals",Quaker Oatmeal Squares,400,88.1848
"Oatmeal,Muesli&Cereals",Raisin Bran,322,70.988764
"Oatmeal,Muesli&Cereals",Raisin Bran Crunch,355,78.26401
"Oatmeal,Muesli&Cereals",Raisin Bran Crunch,355,78.26401
"Oatmeal,Muesli&Cereals",Raisin Nut Bran,367,80.909554
"Oatmeal,Muesli&Cereals",Ready Brek,359,79.145858
"Oatmeal,Muesli&Cereals",Rice Chex,387,85.318794
"Oatmeal,Muesli&Cereals",Rice Krispies,394,86.862028
"Oatmeal,Muesli&Cereals",Scooters,367,80.909554
"Oatmeal,Muesli&Cereals",Shredded Wheat,340,74.95708
"Oatmeal,Muesli&Cereals",Shreddies,351,77.382162
"Oatmeal,Muesli&Cereals",Smart Start,371,81.791402
"Oatmeal,Muesli&Cereals",Special K,377,83.114174
"Oatmeal,Muesli&Cereals",Special K Chocolatey Delight,388,85.539256
"Oatmeal,Muesli&Cereals",Special K Protein Plus,375,82.67325
"Oatmeal,Muesli&Cereals",Special K Red Berries,345,76.05939
"Oatmeal,Muesli&Cereals",Sugar Puffs,379,83.555098
"Oatmeal,Muesli&Cereals",Toasties,361,79.586782
"Oatmeal,Muesli&Cereals",Trix,400,88.1848
"Oatmeal,Muesli&Cereals",Weet-Bix,353,77.823086
"Oatmeal,Muesli&Cereals",Weetabix,358,78.925396
"Oatmeal,Muesli&Cereals",Weetos,378,83.334636
"Oatmeal,Muesli&Cereals",Wheaties,367,80.909554
Pasta&Noodles,Cannelloni,146,32.187452
Pasta&Noodles,Capellini,353,77.823086
Pasta&Noodles,Cappelletti,164,36.155768
Pasta&Noodles,Cellophane Noodles,351,77.382162
Pasta&Noodles,Cheese Tortellini,291,64.154442
Pasta&Noodles,Dampfnudel,274,60.406588
Pasta&Noodles,Dumpling Dough,99,21.825738
Pasta&Noodles,Durum Wheat Semolina,397,87.523414
Pasta&Noodles,Egg Noodles,384,84.657408
Pasta&Noodles,Farfalle,358,78.925396
Pasta&Noodles,Fettuccine,353,77.823086
Pasta&Noodles,Fusilli,352,77.602624
Pasta&Noodles,Glass Noodles,192,42.328704
Pasta&Noodles,Lasagne Sheets,271,59.745202
Pasta&Noodles,Linguine,357,78.704934
Pasta&Noodles,Low Carb Pasta,282,62.170284
Pasta&Noodles,Macaroni,370,81.57094
Pasta&Noodles,Manicotti,357,78.704934
Pasta&Noodles,Mostaccioli,184,40.565008
Pasta&Noodles,Orecchiette,370,81.57094
Pasta&Noodles,Orzo,357,78.704934
Pasta&Noodles,Penne,351,77.382162
Pasta&Noodles,Penne Rigate,370,81.57094
Pasta&Noodles,Pierogi,200,44.0924
Pasta&Noodles,Ravioli,77,16.975574
Pasta&Noodles,Rigatoni,353,77.823086
Pasta&Noodles,Rotini,353,77.823086
Pasta&Noodles,Shells,353,77.823086
Pasta&Noodles,Shirataki Noodles,18,3.968316
Pasta&Noodles,Soy Noodles,216,47.619792
Pasta&Noodles,Spaetzle,368,81.130016
Pasta&Noodles,Spaghetti,370,81.57094
Pasta&Noodles,Spinach Tortellini,314,69.225068
Pasta&Noodles,Spirelli,367,80.909554
Pasta&Noodles,Tagliatelle,370,81.57094
Pasta&Noodles,Tortellini,291,64.154442
Pasta&Noodles,Vermicelli,368,81.130016
Pasta&Noodles,Whole Grain Noodles,347,76.500314
Pasta&Noodles,Whole Grain Spaghetti,351,77.382162
Pasta&Noodles,Ziti,352,77.602624
Dishes&Meals,Baby Back Ribs,259,57.099658
Dishes&Meals,Bacon and Eggs,252,55.556424
Dishes&Meals,Baked Beans,94,20.723428
Dishes&Meals,Baked Chicken,164,36.155768
Dishes&Meals,BBQ Ribs,255,56.21781
Dishes&Meals,Beef Stew,95,20.94389
Dishes&Meals,Biryani,176,38.801312
Dishes&Meals,Black Pudding,253,55.776886
Dishes&Meals,Black Rice,323,71.209226
Dishes&Meals,BLT,247,54.454114
Dishes&Meals,Brown Rice,362,79.807244
Dishes&Meals,Burrito,163,35.935306
Dishes&Meals,Butter Chicken,140,30.86468
Dishes&Meals,California Roll,93,20.502966
Dishes&Meals,Chicken Caesar Salad,127,27.998674
Dishes&Meals,Chicken Fried Steak,151,33.289762
Dishes&Meals,Chicken Marsala,96,21.164352
Dishes&Meals,Chicken Parmesan,110,24.25082
Dishes&Meals,Chicken Pot Pie,223,49.163026
Dishes&Meals,Chicken Tikka Masala,81,17.857422
Dishes&Meals,Chili con Carne,105,23.14851
Dishes&Meals,Chimichanga,232,51.147184
Dishes&Meals,Cobb Salad,118,26.014516
Dishes&Meals,Collard Greens,28,6.172936
Dishes&Meals,Corn Dog,250,55.1155
Dishes&Meals,Corned Beef Hash,164,36.155768
Dishes&Meals,Cottage Pie,139,30.644218
Dishes&Meals,Dal,330,72.75246
Dishes&Meals,Deviled Eggs,201,44.312862
Dishes&Meals,Dim Sum,193,42.549166
Dishes&Meals,Dosa,66,14.550492
Dishes&Meals,Enchiladas,168,37.037616
Dishes&Meals,Fajita,117,25.794054
Dishes&Meals,Fish and Chips,195,42.99009
Dishes&Meals,Fried Rice,186,41.005932
Dishes&Meals,Fried Shrimp,277,61.067974
Dishes&Meals,Grilled Cheese Sandwich,288,63.493056
Dishes&Meals,Ham and Cheese Sandwich,241,53.131342
Dishes&Meals,Hummus,177,39.021774
Dishes&Meals,Jambalaya,100,22.0462
Dishes&Meals,Kebab,215,47.39933
Dishes&Meals,Lasagne,132,29.100984
Dishes&Meals,Mac and Cheese,370,81.57094
Dishes&Meals,Macaroni and Cheese,370,81.57094
Dishes&Meals,Mashed Potatoes,83,18.298346
Dishes&Meals,Meat Pie,242,53.351804
Dishes&Meals,Meatloaf,254,55.997348
Dishes&Meals,Naan,310,68.34322
Dishes&Meals,Orange Chicken,259,57.099658
Dishes&Meals,Pad Thai,150,33.0693
Dishes&Meals,Paella,156,34.392072
Dishes&Meals,Paratha,325,71.65015
Dishes&Meals,Pea Soup,75,16.53465
Dishes&Meals,Peanut Butter Sandwich,408,89.948496
Dishes&Meals,Peking Duck,225,49.60395
Dishes&Meals,Philly Cheese Steak,250,55.1155
Dishes&Meals,Pizza,267,58.863354
Dishes&Meals,Pork Chop,225,49.60395
Dishes&Meals,Potato Salad,143,31.526066
Dishes&Meals,Pulled Pork Sandwich,211,46.517482
Dishes&Meals,Ramen,447,98.546514
Dishes&Meals,Ravioli,203,44.753786
Dishes&Meals,Reuben Sandwich,208,45.856096
Dishes&Meals,Roast Beef,111,24.471282
Dishes&Meals,Roast Dinner,198,43.651476
Dishes&Meals,Samosa,214,47.178868
Dishes&Meals,Sausage Roll,350,77.1617
Dishes&Meals,Sausage Rolls,297,65.477214
Dishes&Meals,Shepherds Pie,70,15.43234
Dishes&Meals,Shrimp Cocktail,464,102.294368
Dishes&Meals,Sloppy Joe,71,15.652802
Dishes&Meals,Sloppy Joes,154,33.951148
Dishes&Meals,Spaghetti Bolognese,132,29.100984
Dishes&Meals,Spring Roll,250,55.1155
Dishes&Meals,Spring Rolls,250,55.1155
Dishes&Meals,Taco,217,47.840254
Dishes&Meals,Tandoori Chicken,113,24.912206
Dishes&Meals,Yorkshire Pudding,553,121.915486
Soups,Alphabet Soup,25,5.51155
Soups,Bean Stew,133,29.321446
Soups,Beef Bouillon,3,0.661386
Soups,Beef Noodle Soup,34,7.495708
Soups,Beef Soup,33,7.275246
Soups,Bouillon,16,3.527392
Soups,Broccoli Cheese Soup,87,19.180194
Soups,Broccoli Soup,87,19.180194
Soups,Cabbage Soup,28,6.172936
Soups,Carrot Ginger Soup,25,5.51155
Soups,Carrot Soup,25,5.51155
Soups,Chicken Bouillon,4,0.881848
Soups,Chicken Broth,16,3.527392
Soups,Chicken Gumbo Soup,23,5.070626
Soups,Chicken Noodle Soup,25,5.51155
Soups,Chicken Stock,16,3.527392
Soups,Chicken Vegetable Soup,31,6.834322
Soups,Chicken with Rice Soup,24,5.291088
Soups,Cream of Asparagus Soup,35,7.71617
Soups,Cream of Broccoli Soup,45,9.92079
Soups,Cream of Celery Soup,37,8.157094
Soups,Cream of Chicken Soup,48,10.582176
Soups,Cream of Mushroom Soup,39,8.598018
Soups,Cream of Onion Soup,44,9.700328
Soups,Cream of Potato Soup,30,6.61386
Soups,Creamy Chicken Noodle Soup,23,5.070626
Soups,French Onion Soup,23,5.070626
Soups,Golden Mushroom Soup,65,14.33003
Soups,Goulash,1009,222.446158
Soups,Instant Ramen,436,96.121432
Soups,Lentil Soup,56,12.345872
Soups,Lobster Bisque Soup,100,22.0462
Soups,Meatball Soup,49,10.802638
Soups,Minestrone,34,7.495708
Soups,Mushroom Soup,35,7.71617
Soups,Noodle Soup,34,7.495708
Soups,Onion Soup,23,5.070626
Soups,Oxtail Soup,28,6.172936
Soups,Pea Soup,75,16.53465
Soups,Potato Soup,80,17.63696
Soups,Pumpkin Soup,29,6.393398
Soups,Ramen,436,96.121432
Soups,Scotch Broth,33,7.275246
Soups,Succotash,115,25.35313
Soups,Thai Soup,60,13.22772
Soups,Tomato Rice Soup,47,10.361714
Soups,Tomato Soup,30,6.61386
Soups,Vegetable Beef Soup,31,6.834322
Soups,Vegetable Broth,5,1.10231
Soups,Vegetable Soup,28,6.172936
Soups,Vegetable Stock,5,1.10231
Soups,Wedding Soup,53,11.684486
Legumes,Azuki Bean,124,27.337288
Legumes,Bamboo Shoots,27,5.952474
Legumes,Bean Curd,76,16.755112
Legumes,Bean Sprouts,30,6.61386
Legumes,Bengal Gram,364,80.248168
Legumes,Black Beans,341,75.177542
Legumes,Black Chickpeas,364,80.248168
Legumes,Black Gram,341,75.177542
Legumes,Brown Lentil,353,77.823086
Legumes,Butternut,612,134.922744
Legumes,Chickpeas,364,80.248168
Legumes,Chili Bean,97,21.384814
Legumes,Dal,230,50.70626
Legumes,Deep-Fried Tofu,271,59.745202
Legumes,Extra-Firm Tofu,91,20.062042
Legumes,Firm Tofu,70,15.43234
Legumes,Flageolet,85,18.73927
Legumes,Fried Bean Curd,271,59.745202
Legumes,Green Beans,31,6.834322
Legumes,Green Gram,347,76.500314
Legumes,Green Lentil,257,56.658734
Legumes,Kidney Beans,337,74.295694
Legumes,Lentils,353,77.823086
Legumes,Lima Beans,71,15.652802
Legumes,Marron,210,46.29702
Legumes,Miso,199,43.871938
Legumes,Mung Beans,12,2.645544
Legumes,Natto,212,46.737944
Legumes,Navy Bean,337,74.295694
Legumes,Okara,77,16.975574
Legumes,Okra,33,7.275246
Legumes,Peanuts,567,125.001954
Legumes,Peas,42,9.259404
Legumes,Pecan,691,152.339242
Legumes,Pinto Beans,347,76.500314
Legumes,Puy Lentils,345,76.05939
Legumes,Rajma,140,30.86468
Legumes,Red Beans,124,27.337288
Legumes,Red Kidney Bean,337,74.295694
Legumes,Red Lentils,329,72.531998
Legumes,Refried Beans,91,20.062042
Legumes,Roasted Soybeans,471,103.837602
Legumes,Silken Tofu,55,12.12541
Legumes,Soft Tofu,61,13.448182
Legumes,Soy Cheese,235,51.80857
Legumes,Soy Mayonnaise,322,70.988764
Legumes,Soy Nut Butter,562,123.899644
Legumes,Soy Nuts,471,103.837602
Legumes,Soy Yogurt,66,14.550492
Legumes,Soya Cheese,235,51.80857
Legumes,Soybeans,147,32.407914
Legumes,Soynut Butter,562,123.899644
Legumes,Sugar Peas,42,9.259404
Legumes,Sweet Peas,48,10.582176
Legumes,Tempeh,193,42.549166
Legumes,Textured Soy Protein,571,125.883802
Legumes,Textured Vegetable Protein,333,73.413846
Legumes,Tofu,76,16.755112
Legumes,White Beans,336,74.075232
Legumes,Yam Bean,38,8.377556
Legumes,Yellow Lentils,304,67.020448
Legumes,Yuba,176,38.801312
Nuts&Seeds,Acorn,387,85.318794
Nuts&Seeds,Alfalfa Sprouts,23,5.070626
Nuts&Seeds,Almonds,575,126.76565
Nuts&Seeds,Beechnut,576,126.986112
Nuts&Seeds,Brazil Nuts,656,144.623072
Nuts&Seeds,Breadfruit,191,42.108242
Nuts&Seeds,Butternut,612,134.922744
Nuts&Seeds,Cashew,553,121.915486
Nuts&Seeds,Chestnut,213,46.958406
Nuts&Seeds,Chia Seeds,486,107.144532
Nuts&Seeds,Coconut,354,78.043548
Nuts&Seeds,Cotton Seeds,506,111.553772
Nuts&Seeds,Flaxseed,534,117.726708
Nuts&Seeds,Ginkgo Nuts,182,40.124084
Nuts&Seeds,Goa Bean,409,90.168958
Nuts&Seeds,Hazelnut,628,138.450136
Nuts&Seeds,Hickory Nuts,657,144.843534
Nuts&Seeds,Lima Beans,71,15.652802
Nuts&Seeds,Lotus Seed,89,19.621118
Nuts&Seeds,Macadamia Nuts,718,158.291716
Nuts&Seeds,Peanuts,567,125.001954
Nuts&Seeds,Peas,81,17.857422
Nuts&Seeds,Pecan Nuts,691,152.339242
Nuts&Seeds,Pecans,691,152.339242
Nuts&Seeds,Pili Nuts,719,158.512178
Nuts&Seeds,Pine Nuts,673,148.370926
Nuts&Seeds,Pinto Beans,347,76.500314
Nuts&Seeds,Pistachios,562,123.899644
Nuts&Seeds,Poppy Seeds,525,115.74255
Nuts&Seeds,Pumpkin Seeds,559,123.238258
Nuts&Seeds,Radish Seeds,43,9.479866
Nuts&Seeds,Safflower Seeds,517,113.978854
Nuts&Seeds,Sesame Seeds,573,126.324726
Nuts&Seeds,Smoked Almonds,575,126.76565
Nuts&Seeds,Soy Beans,147,32.407914
Nuts&Seeds,Sunflower Seeds,584,128.749808
Nuts&Seeds,Sweet Chestnut,194,42.769628
Nuts&Seeds,Walnuts,654,144.182148
Nuts&Seeds,Watermelon,30,6.61386
Oils&Fats,Almond Oil,882,194.447484
Oils&Fats,Avocado Oil,857,188.935934
Oils&Fats,Butter,720,158.73264
Oils&Fats,Canola Oil,884,194.888408
Oils&Fats,Coconut Oil,857,188.935934
Oils&Fats,Cod Liver Oil,1000,220.462
Oils&Fats,Corn Oil,800,176.3696
Oils&Fats,Cottonseed Oil,882,194.447484
Oils&Fats,Flaxseed Oil,884,194.888408
Oils&Fats,Ghee,120,26.45544
Oils&Fats,Goose Fat,898,197.974876
Oils&Fats,Grape Seed Oil,884,194.888408
Oils&Fats,Hemp Oil,807,177.912834
Oils&Fats,Herring Oil,902,198.856724
Oils&Fats,I can\?ôt believe it\?ôs not Butter,357,78.704934
Oils&Fats,Lard,902,198.856724
Oils&Fats,Macadamia Oil,819,180.558378
Oils&Fats,Margarine,717,158.071254
Oils&Fats,Mustard Oil,884,194.888408
Oils&Fats,Olive Oil,884,194.888408
Oils&Fats,Palm Oil,882,194.447484
Oils&Fats,Peanut Oil,857,188.935934
Oils&Fats,Real Butter,720,158.73264
Oils&Fats,Rice Bran Oil,889,195.990718
Oils&Fats,Safflower Oil,857,188.935934
Oils&Fats,Sardine Oil,902,198.856724
Oils&Fats,Sesame Oil,884,194.888408
Oils&Fats,Soybean Oil,889,195.990718
Oils&Fats,Sunflower Oil,884,194.888408
Oils&Fats,Walnut Oil,889,195.990718
VegetableOils,Almond Oil,882,194.447484
VegetableOils,Apricot Kernel Oil,889,195.990718
VegetableOils,Argan Oil,896,197.533952
VegetableOils,Avocado Oil,857,188.935934
VegetableOils,Babassu Oil,884,194.888408
VegetableOils,Canola Oil,884,194.888408
VegetableOils,Coconut Oil,857,188.935934
VegetableOils,Corn Oil,800,176.3696
VegetableOils,Cottonseed Oil,882,194.447484
VegetableOils,Flaxseed Oil,884,194.888408
VegetableOils,Grape Seed Oil,884,194.888408
VegetableOils,Hazelnut Oil,889,195.990718
VegetableOils,Linseed Oil,837,184.526694
VegetableOils,Menhaden Oil,911,200.840882
VegetableOils,Mustard Oil,884,194.888408
VegetableOils,Oat Oil,884,194.888408
VegetableOils,Olive Oil,800,176.3696
VegetableOils,Palm Kernel Oil,882,194.447484
VegetableOils,Palm Oil,882,194.447484
VegetableOils,Peanut Oil,857,188.935934
VegetableOils,Poppy Seed Oil,884,194.888408
VegetableOils,Pumpkin Seed Oil,880,194.00656
VegetableOils,Rice Bran Oil,889,195.990718
VegetableOils,Safflower Oil,857,188.935934
VegetableOils,Salmon Oil,911,200.840882
VegetableOils,Sesame Oil,889,195.990718
VegetableOils,Shea Oil,884,194.888408
VegetableOils,Soy Oil,882,194.447484
VegetableOils,Sunflower Oil,884,194.888408
VegetableOils,Tomato Seed Oil,884,194.888408
VegetableOils,Vegetable Oil,800,176.3696
VegetableOils,Walnut Oil,889,195.990718
VegetableOils,Wheat Germ Oil,929,204.809198
BakingIngredients,Agar-Agar,26,5.732012
BakingIngredients,Agave Syrup,310,68.34322
BakingIngredients,All Purpose Flour,364,80.248168
BakingIngredients,Almond Extract,258,56.879196
BakingIngredients,Almonds,529,116.624398
BakingIngredients,Apple Pie Filling,100,22.0462
BakingIngredients,Baking Powder,53,11.684486
BakingIngredients,Baking Soda,0,0
BakingIngredients,Bread Flour,361,79.586782
BakingIngredients,Brittle,592,130.513504
BakingIngredients,Brown Sugar,395,87.08249
BakingIngredients,Buttermilk,62,13.668644
BakingIngredients,Butterscotch Chips,539,118.829018
BakingIngredients,Cake Flour,362,79.807244
BakingIngredients,Candied Orange Peel,97,21.384814
BakingIngredients,Cane Sugar,387,85.318794
BakingIngredients,Chocolate Chips,467,102.955754
BakingIngredients,Chocolate Sprinkles,500,110.231
BakingIngredients,Cocoa Powder,228,50.265336
BakingIngredients,Coconut Flakes,456,100.530672
BakingIngredients,Coconut Milk,50,11.0231
BakingIngredients,Corn Flour,361,79.586782
BakingIngredients,Corn Syrup,281,61.949822
BakingIngredients,Cornmeal,362,79.807244
BakingIngredients,Cornstarch,381,83.996022
BakingIngredients,Couverture,600,132.2772
BakingIngredients,Cream Cheese,54,11.904948
BakingIngredients,Cream of Tartar,258,56.879196
BakingIngredients,Crystallized Ginger,335,73.85477
BakingIngredients,Custard Powder,337,74.295694
BakingIngredients,Dark Rum,216,47.619792
BakingIngredients,Dextrose,375,82.67325
BakingIngredients,Dried Apricots,241,53.131342
BakingIngredients,Dried Cranberries,308,67.902296
BakingIngredients,Dried Figs,249,54.895038
BakingIngredients,Dried Prunes,107,23.589434
BakingIngredients,Duck Egg,185,40.78547
BakingIngredients,Egg,97,21.384814
BakingIngredients,Egg Nog,88,19.400656
BakingIngredients,Egg White,13,2.866006
BakingIngredients,Egg Yolk,322,70.988764
BakingIngredients,Evaporated Milk,134,29.541908
BakingIngredients,Flour,364,80.248168
BakingIngredients,Fructose,368,81.130016
BakingIngredients,Gelatin,335,73.85477
BakingIngredients,Glucose,286,63.052132
BakingIngredients,Glucose Syrup,387,85.318794
BakingIngredients,Granulated Sugar,387,85.318794
BakingIngredients,Ground Cinnamon,247,54.454114
BakingIngredients,Hazelnuts,628,138.450136
BakingIngredients,Heavy Cream,345,76.05939
BakingIngredients,Jaggery,383,84.436946
BakingIngredients,Lemon Pie Filling,143,31.526066
BakingIngredients,Malt Powder,361,79.586782
BakingIngredients,Malted Milk,405,89.28711
BakingIngredients,Maltitol,210,46.29702
BakingIngredients,Maltodextrin,375,82.67325
BakingIngredients,Maltose,344,75.838928
BakingIngredients,Maple Syrup,270,59.52474
BakingIngredients,Molasses,290,63.93398
BakingIngredients,Nonpareils,475,104.71945
BakingIngredients,Peppermint Extract,0,0
BakingIngredients,Poppy Seeds,525,115.74255
BakingIngredients,Powdered Milk,496,109.349152
BakingIngredients,Powdered Sugar,389,85.759718
BakingIngredients,Protein Powder,411,90.609882
BakingIngredients,Raisins,474,104.498988
BakingIngredients,Rice Milk,49,10.802638
BakingIngredients,Rock Sugar,625,137.78875
BakingIngredients,Rolled Oats,384,84.657408
BakingIngredients,Rum,246,54.233652
BakingIngredients,Semolina Flour,350,77.1617
BakingIngredients,Sesame Seeds,573,126.324726
BakingIngredients,Shredded Coconut,501,110.451462
BakingIngredients,Sorbitol,375,82.67325
BakingIngredients,Soy Milk,41,9.038942
BakingIngredients,Soy Protein Powder,338,74.516156
BakingIngredients,Sprinkles,500,110.231
BakingIngredients,Starch,381,83.996022
BakingIngredients,Strawberry Preserves,278,61.288436
BakingIngredients,Sucrose,387,85.318794
BakingIngredients,Sugar,405,89.28711
BakingIngredients,Sunflower Seeds,117,25.794054
BakingIngredients,Sweetened Condensed Milk,321,70.768302
BakingIngredients,Sweetener,360,79.36632
BakingIngredients,Unsalted Butter,717,158.071254
BakingIngredients,Vanilla Extract,288,63.493056
BakingIngredients,Vanilla Sugar,357,78.704934
BakingIngredients,Vegetable Oil,884,194.888408
BakingIngredients,Vegetable Shortening,884,194.888408
BakingIngredients,Walnuts,131,28.880522
BakingIngredients,Whole Milk,61,13.448182
BakingIngredients,Whole Wheat Flour,340,74.95708
BakingIngredients,Xylitol,240,52.91088
BakingIngredients,Yeast (dry),325,71.65015
Fish&Seafood,Anchovy,131,28.880522
Fish&Seafood,Bluefish,159,35.053458
Fish&Seafood,Bream,135,29.76237
Fish&Seafood,Butterfish,187,41.226394
Fish&Seafood,Calamari,175,38.58085
Fish&Seafood,Carp,162,35.714844
Fish&Seafood,Caviar,264,58.201968
Fish&Seafood,Clam,148,32.628376
Fish&Seafood,Cod,105,23.14851
Fish&Seafood,Crawfish,82,18.077884
Fish&Seafood,Crayfish,87,19.180194
Fish&Seafood,Eel,236,52.029032
Fish&Seafood,Fish Fingers,290,63.93398
Fish&Seafood,Fish Sticks,290,63.93398
Fish&Seafood,Flounder,86,18.959732
Fish&Seafood,Grouper,118,26.014516
Fish&Seafood,Haddock,90,19.84158
Fish&Seafood,Hake,71,15.652802
Fish&Seafood,Halibut,111,24.471282
Fish&Seafood,Herring,203,44.753786
Fish&Seafood,Hoki,121,26.675902
Fish&Seafood,Kipper,217,47.840254
Fish&Seafood,Ling,109,24.030358
Fish&Seafood,Lobster,89,19.621118
Fish&Seafood,Mackerel,262,57.761044
Fish&Seafood,Milkfish,190,41.88778
Fish&Seafood,Monkfish,97,21.384814
Fish&Seafood,Mullet,150,33.0693
Fish&Seafood,Mussel,172,37.919464
Fish&Seafood,Octopus,164,36.155768
Fish&Seafood,Pickerel,111,24.471282
Fish&Seafood,Pickled Herring,262,57.761044
Fish&Seafood,Pike,113,24.912206
Fish&Seafood,Plaice,91,20.062042
Fish&Seafood,Pollack,111,24.471282
Fish&Seafood,Red Snapper,128,28.219136
Fish&Seafood,Redfish,94,20.723428
Fish&Seafood,Rollmops,171,37.699002
Fish&Seafood,Salmon,206,45.415172
Fish&Seafood,Sardines,208,45.856096
Fish&Seafood,Scallops,111,24.471282
Fish&Seafood,Scampi,84,18.518808
Fish&Seafood,Sea Bass,124,27.337288
Fish&Seafood,Shad,252,55.556424
Fish&Seafood,Shark,130,28.66006
Fish&Seafood,Smelt,124,27.337288
Fish&Seafood,Sole,86,18.959732
Fish&Seafood,Squid,92,20.282504
Fish&Seafood,Sturgeon,135,29.76237
Fish&Seafood,Sushi,150,33.0693
Fish&Seafood,Swordfish,172,37.919464
Fish&Seafood,Triggerfish,93,20.502966
Fish&Seafood,Trout,190,41.88778
Fish&Seafood,Tuna,132,29.100984
Fish&Seafood,Tuna Salad,187,41.226394
Fish&Seafood,Turbot,122,26.896364
Fish&Seafood,Wahoo,167,36.817154
Fish&Seafood,Whitefish,172,37.919464
Fish&Seafood,Whiting,116,25.573592
Fish&Seafood,Zander,84,18.518808
Herbs&Spices,Almond Extract,374,82.452788
Herbs&Spices,Anise,337,74.295694
Herbs&Spices,Anise Seed,337,74.295694
Herbs&Spices,Arrowroot,65,14.33003
Herbs&Spices,Arugula,25,5.51155
Herbs&Spices,Balsamic Vinegar,88,19.400656
Herbs&Spices,Basil,233,51.367646
Herbs&Spices,Black Pepper,251,55.335962
Herbs&Spices,Black Sesame Seeds,573,126.324726
Herbs&Spices,Broth,100,22.0462
Herbs&Spices,Capers,23,5.070626
Herbs&Spices,Caraway Seeds,333,73.413846
Herbs&Spices,Cardamom,311,68.563682
Herbs&Spices,Cassava,160,35.27392
Herbs&Spices,Cayenne Pepper,318,70.106916
Herbs&Spices,Chard,19,4.188778
Herbs&Spices,Chicory Greens,23,5.070626
Herbs&Spices,Chicory Roots,72,15.873264
Herbs&Spices,Chili,282,62.170284
Herbs&Spices,Chili Powder,282,62.170284
Herbs&Spices,Chives,30,6.61386
Herbs&Spices,Cider Vinegar,21,4.629702
Herbs&Spices,Cilantro,23,5.070626
Herbs&Spices,Cinnamon,247,54.454114
Herbs&Spices,Cloves,274,60.406588
Herbs&Spices,Coriander,23,5.070626
Herbs&Spices,Cream of Tartar,258,56.879196
Herbs&Spices,Cress,32,7.054784
Herbs&Spices,Crystallized Ginger,335,73.85477
Herbs&Spices,Cumin,375,82.67325
Herbs&Spices,Cumin Seed,375,82.67325
Herbs&Spices,Curry,325,71.65015
Herbs&Spices,Dandelion,45,9.92079
Herbs&Spices,Dill,43,9.479866
Herbs&Spices,Dill Weed,43,9.479866
Herbs&Spices,Fennel,31,6.834322
Herbs&Spices,Fennel Seed,345,76.05939
Herbs&Spices,Fenugreek,323,71.209226
Herbs&Spices,Garlic,149,32.848838
Herbs&Spices,Garlic Powder,331,72.972922
Herbs&Spices,Garlic Salt,0,0
Herbs&Spices,Ginger,80,17.63696
Herbs&Spices,Grape Leaves,93,20.502966
Herbs&Spices,Ground Ginger,335,73.85477
Herbs&Spices,Horseradish,48,10.582176
Herbs&Spices,Hot Pepper,318,70.106916
Herbs&Spices,Iodized Salt,0,0
Herbs&Spices,Jalapeno,13,2.866006
Herbs&Spices,Juniper,45,9.92079
Herbs&Spices,Lemon Grass,99,21.825738
Herbs&Spices,Licorice,375,82.67325
Herbs&Spices,Maggi,104,22.928048
Herbs&Spices,Marjoram,271,59.745202
Herbs&Spices,Minced Onion,40,8.81848
Herbs&Spices,Mint,70,15.43234
Herbs&Spices,Mustard Seed,508,111.994696
Herbs&Spices,Nutmeg,525,115.74255
Herbs&Spices,Okra,33,7.275246
Herbs&Spices,Onion,40,8.81848
Herbs&Spices,Onion Powder,341,75.177542
Herbs&Spices,Orange Peel,97,21.384814
Herbs&Spices,Oregano,265,58.42243
Herbs&Spices,Paprika,282,62.170284
Herbs&Spices,Parsley,36,7.936632
Herbs&Spices,Parsnip,75,16.53465
Herbs&Spices,Pepper,251,55.335962
Herbs&Spices,Poppy Seed,525,115.74255
Herbs&Spices,Poultry Seasoning,307,67.681834
Herbs&Spices,Pumpkin Pie Spice,342,75.398004
Herbs&Spices,Red Pepper,251,55.335962
Herbs&Spices,Red Wine Vinegar,19,4.188778
Herbs&Spices,Rosemary,131,28.880522
Herbs&Spices,Saffron,310,68.34322
Herbs&Spices,Sage,315,69.44553
Herbs&Spices,Salt,0,0
Herbs&Spices,Savory,272,59.965664
Herbs&Spices,Sea Salt,0,0
Herbs&Spices,Serrano Pepper,32,7.054784
Herbs&Spices,Sesame Seeds,573,126.324726
Herbs&Spices,Stevia,0,0
Herbs&Spices,Tamarind,239,52.690418
Herbs&Spices,Taro,112,24.691744
Herbs&Spices,Tarragon,295,65.03629
Herbs&Spices,Thyme,276,60.847512
Herbs&Spices,Turmeric,354,78.043548
Herbs&Spices,Vanilla Bean,250,55.1155
Herbs&Spices,Vanilla Extract,288,63.493056
Herbs&Spices,Vinegar,18,3.968316
Herbs&Spices,White Pepper,296,65.256752
Herbs&Spices,Yam,118,26.014516
"Pastries,Breads&Rolls",Apple Pie,237,52.249494
"Pastries,Breads&Rolls",Apple Turnover,348,76.720776
"Pastries,Breads&Rolls",Bagel,257,56.658734
"Pastries,Breads&Rolls",Baguette,274,60.406588
"Pastries,Breads&Rolls",Banana Bread,326,71.870612
"Pastries,Breads&Rolls",Banana Nut Bread,326,71.870612
"Pastries,Breads&Rolls",Beer Bread,227,50.044874
"Pastries,Breads&Rolls",Biscuit,269,59.304278
"Pastries,Breads&Rolls",Black Bread,250,55.1155
"Pastries,Breads&Rolls",Bran Muffins,270,59.52474
"Pastries,Breads&Rolls",Bread Pudding,153,33.730686
"Pastries,Breads&Rolls",Breadsticks,400,88.1848
"Pastries,Breads&Rolls",Brioche,346,76.279852
"Pastries,Breads&Rolls",Brown Bread,246,54.233652
"Pastries,Breads&Rolls",Brownies,405,89.28711
"Pastries,Breads&Rolls",Bun,316,69.665992
"Pastries,Breads&Rolls",Cannoli,254,55.997348
"Pastries,Breads&Rolls",Caramel Cake,385,84.87787
"Pastries,Breads&Rolls",Challah,283,62.390746
"Pastries,Breads&Rolls",Chapati,240,52.91088
"Pastries,Breads&Rolls",Ciabatta,271,59.745202
"Pastries,Breads&Rolls",Cinnamon Bun,436,96.121432
"Pastries,Breads&Rolls",Coffee Cake,418,92.153116
"Pastries,Breads&Rolls",Conchas/Mexican Sweet Bread,353,77.823086
"Pastries,Breads&Rolls",Cornbread,179,39.462698
"Pastries,Breads&Rolls",Crepes,224,49.383488
"Pastries,Breads&Rolls",Croissant,406,89.507572
"Pastries,Breads&Rolls",Crumpet,178,39.242236
"Pastries,Breads&Rolls",Cupcakes,305,67.24091
"Pastries,Breads&Rolls",Donut/Doughnut,421,92.814502
"Pastries,Breads&Rolls",Dosa,209,46.076558
"Pastries,Breads&Rolls",Empanada,335,73.85477
"Pastries,Breads&Rolls",English Muffin,227,50.044874
"Pastries,Breads&Rolls",Flatbread,311,68.563682
"Pastries,Breads&Rolls",Focaccia,249,54.895038
"Pastries,Breads&Rolls",Garlic Bread,350,77.1617
"Pastries,Breads&Rolls",Hot Dog Buns,279,61.508898
"Pastries,Breads&Rolls",Italian Bread,271,59.745202
"Pastries,Breads&Rolls",Latkes,189,41.667318
"Pastries,Breads&Rolls",Matzo Bread,351,77.382162
"Pastries,Breads&Rolls",Monkey Bread,290,63.93398
"Pastries,Breads&Rolls",Muffin,296,65.256752
"Pastries,Breads&Rolls",Multi-Grain Bread,265,58.42243
"Pastries,Breads&Rolls",Naan,275,60.62705
"Pastries,Breads&Rolls",Oatmeal Cookies,450,99.2079
"Pastries,Breads&Rolls",Oatmeal Raisin Cookies,435,95.90097
"Pastries,Breads&Rolls",Pan de Sal,293,64.595366
"Pastries,Breads&Rolls",Pancake,233,51.367646
"Pastries,Breads&Rolls",Pandesal,293,64.595366
"Pastries,Breads&Rolls",Panettone,318,70.106916
"Pastries,Breads&Rolls",Pide,268,59.083816
"Pastries,Breads&Rolls",Pie,237,52.249494
"Pastries,Breads&Rolls",Pita Bread,275,60.62705
"Pastries,Breads&Rolls",Potato Bread,266,58.642892
"Pastries,Breads&Rolls",Pretzel,338,74.516156
"Pastries,Breads&Rolls",Pretzel Roll,338,74.516156
"Pastries,Breads&Rolls",Puff Pastry,558,123.017796
"Pastries,Breads&Rolls",Pumpernickel,250,55.1155
"Pastries,Breads&Rolls",Raisin Bread,274,60.406588
"Pastries,Breads&Rolls",Roll,316,69.665992
"Pastries,Breads&Rolls",Roti,264,58.201968
"Pastries,Breads&Rolls",Rye Bread,259,57.099658
"Pastries,Breads&Rolls",Sandwich,304,67.020448
"Pastries,Breads&Rolls",Sandwich Bread,251,55.335962
"Pastries,Breads&Rolls",Scone,362,79.807244
"Pastries,Breads&Rolls",Shortcrust Pastry,544,119.931328
"Pastries,Breads&Rolls",Soda Bread,290,63.93398
"Pastries,Breads&Rolls",Souffl√©,204,44.974248
"Pastries,Breads&Rolls",Sourdough Bread,289,63.713518
"Pastries,Breads&Rolls",Spanakopita,246,54.233652
"Pastries,Breads&Rolls",Spice Cake,332,73.193384
"Pastries,Breads&Rolls",Sweet Rolls,333,73.413846
"Pastries,Breads&Rolls",Swiss Roll,313,69.004606
"Pastries,Breads&Rolls",Toast,261,57.540582
"Pastries,Breads&Rolls",Tortilla,297,65.477214
"Pastries,Breads&Rolls",Tortilla Bread,265,58.42243
"Pastries,Breads&Rolls",White Bread,238,52.469956
"Pastries,Breads&Rolls",Whole Wheat Bread,247,54.454114
Sauces&Dressings,1000 Island Dressing,370,81.57094
Sauces&Dressings,Ajvar,18,3.968316
Sauces&Dressings,Arrabiata Sauce,36,7.936632
Sauces&Dressings,Balsamic Vinaigrette Dressing,290,63.93398
Sauces&Dressings,Barbecue Sauce,150,33.0693
Sauces&Dressings,Bechamel Sauce,225,49.60395
Sauces&Dressings,Bernaise Sauce,414,91.271268
Sauces&Dressings,Blue Cheese Dressing,533,117.506246
Sauces&Dressings,Bolognese,106,23.368972
Sauces&Dressings,Buttermilk Ranch Dressing,533,117.506246
Sauces&Dressings,Caesar Dressing,429,94.578198
Sauces&Dressings,Catalina Dressing,282,62.170284
Sauces&Dressings,Chasseur Sauce,45,9.92079
Sauces&Dressings,Chili Sauce,112,24.691744
Sauces&Dressings,Cream Sauce,180,39.68316
Sauces&Dressings,Curry Ketchup,124,27.337288
Sauces&Dressings,Curry Sauce,26,5.732012
Sauces&Dressings,French Dressing,60,13.22772
Sauces&Dressings,Gravy,53,11.684486
Sauces&Dressings,Greek Dressing,467,102.955754
Sauces&Dressings,Hamburger Sauce,383,84.436946
Sauces&Dressings,Harissa,52,11.464024
Sauces&Dressings,Hollandaise Sauce,535,117.94717
Sauces&Dressings,Honey Mustard Dressing,464,102.294368
Sauces&Dressings,Horseradish,48,10.582176
Sauces&Dressings,Italian Dressing,293,64.595366
Sauces&Dressings,Ketchup,100,22.0462
Sauces&Dressings,Mayonnaise,692,152.559704
Sauces&Dressings,Mustard,60,13.22772
Sauces&Dressings,Mustard Sauce,645,142.19799
Sauces&Dressings,Orange Sauce,179,39.462698
Sauces&Dressings,Pesto,458,100.971596
Sauces&Dressings,Ranch Dressing,510,112.43562
Sauces&Dressings,Remoulade Sauce,635,139.99337
Sauces&Dressings,Russian Dressing,400,88.1848
Sauces&Dressings,Salad Dressing,449,98.987438
Sauces&Dressings,Sambal Oelek,21,4.629702
Sauces&Dressings,Sesame Ginger Dressing,464,102.294368
Sauces&Dressings,Sesame Paste,595,131.17489
Sauces&Dressings,Sour Cream,217,47.840254
Sauces&Dressings,Sour Cream Sauce,60,13.22772
Sauces&Dressings,Soy Sauce,67,14.770954
Sauces&Dressings,Sweet and Sour Sauce,179,39.462698
Sauces&Dressings,Tabasco,70,15.43234
Sauces&Dressings,Teriyaki Sauce,89,19.621118
Sauces&Dressings,Thai Curry Paste,155,34.17161
Sauces&Dressings,Tomato Paste,82,18.077884
Sauces&Dressings,Tomato Puree,38,8.377556
Sauces&Dressings,Tomato Sauce,24,5.291088
Sauces&Dressings,Tzatziki,94,20.723428
Sauces&Dressings,Vinaigrette,120,26.45544
Sauces&Dressings,Worcestershire Sauce,78,17.196036
Sauces&Dressings,Yogurt Dressing,45,9.92079
Sauces&Dressings,Zesty Italian Dressing,267,58.863354
Spreads,Almond Butter,614,135.363668
Spreads,Apple Butter,173,38.139926
Spreads,Applesauce,68,14.991416
Spreads,Apricot Jam,250,55.1155
Spreads,Blackberry Jam,250,55.1155
Spreads,Blackcurrant Jam,250,55.1155
Spreads,Blueberry Jam,250,55.1155
Spreads,Cheese Spread,290,63.93398
Spreads,Cherry Jam,250,55.1155
Spreads,Chocolate Philadelphia,287,63.272594
Spreads,Chocolate Spread,541,119.269942
Spreads,Cream Cheese,342,75.398004
Spreads,Egg,97,21.384814
Spreads,Grape Jelly,255,56.21781
Spreads,Honey,304,67.020448
Spreads,Jelly,278,61.288436
Spreads,Jif Peanut Butter,580,127.86796
Spreads,Liverwurst,305,67.24091
Spreads,Margarine,717,158.071254
Spreads,Marmite,225,49.60395
Spreads,Marshmallow Fluff,666,146.827692
Spreads,Nutella,544,119.931328
Spreads,Olive Spread,550,121.2541
Spreads,"P√¢t√© (720), Pate",319,70.327378
Spreads,Peanut Butter,589,129.852118
Spreads,Peter Pan Peanut Butter,609,134.261358
Spreads,Philadelphia Cream Cheese,342,75.398004
Spreads,Plum Jam,250,55.1155
Spreads,Salted Butter,717,158.071254
Spreads,Skippy Peanut Butter,594,130.954428
Spreads,Smuckers Strawberry Jam,250,55.1155
Spreads,Strawberry Jam,250,55.1155
Spreads,Strawberry Jelly,250,55.1155
Spreads,Sunbutter,617,136.025054
Spreads,Sunflower Butter,617,136.025054
Spreads,Tapenade,233,51.367646
Spreads,Unsalted Butter,717,158.071254
Spreads,Vegemite,180,39.68316
Spreads,Wild Honey,286,63.052132
